method,label,t,community_new_obs,quarantine_new_obs,community_cum_obs,quarantine_cum_obs,community_new_pred,quarantine_new_pred,community_cum_pred,quarantine_cum_pred,I_pred,Iq_pred
sqrt_daily,daily sqrt residual,0.0,1.0,0.0,1.0,0.0,0.0021587688659172603,0.001032594494171162,0.0021587688659172603,0.001032594494171162,0.0026278817425103235,0.000895695882536166
sqrt_daily,daily sqrt residual,1.0,0.0,0.0,1.0,0.0,0.005860922312371165,0.002841133475915564,0.008019691178288425,0.0038737279700867258,0.0071522774721854785,0.003092754429872048
sqrt_daily,daily sqrt residual,2.0,0.0,0.0,1.0,0.0,0.01555460276972789,0.007732003889376713,0.023574293948016314,0.011605731859463439,0.019107090747109156,0.008875113600254898
sqrt_daily,daily sqrt residual,3.0,1.0,0.0,2.0,0.0,0.040047985439222764,0.020646247299226775,0.06362227938723908,0.032251979158690214,0.049682314683526796,0.024120777339828887
sqrt_daily,daily sqrt residual,4.0,1.0,0.0,3.0,0.0,0.09921643721934731,0.053606302216246404,0.1628387166065864,0.08585828137493662,0.12474428227207117,0.06334300486269637
sqrt_daily,daily sqrt residual,5.0,0.0,0.0,3.0,0.0,0.2347393670785865,0.13418676984300384,0.3975780836851729,0.22004505121794046,0.3002554931574481,0.16051217344315877
sqrt_daily,daily sqrt residual,6.0,1.0,3.0,4.0,3.0,0.5268903956234853,0.3213694460105778,0.9244684793086582,0.5414144972285183,0.6884162901651928,0.3902382225941795
sqrt_daily,daily sqrt residual,7.0,2.0,2.0,6.0,5.0,1.1156685890171132,0.7314750935045077,2.0401370683257714,1.272889590733026,1.4954578865884112,0.9047656665427434
sqrt_daily,daily sqrt residual,8.0,3.0,4.0,9.0,9.0,2.2183647018730444,1.573491844187764,4.258501770198816,2.84638143492079,3.0647644412380473,1.989897568028031
sqrt_daily,daily sqrt residual,9.0,5.0,5.0,14.0,14.0,4.127500665548656,3.184749695619785,8.386002435747471,6.031131130540575,5.906548075966487,4.1341378467016066
sqrt_daily,daily sqrt residual,10.0,8.0,13.0,22.0,27.0,7.168802135139954,6.045412600610484,15.554804570887425,12.076543731151059,10.68249995512221,8.0885823685221
sqrt_daily,daily sqrt residual,11.0,21.0,21.0,43.0,48.0,11.607106641733191,10.740434124970054,27.161911212620616,22.816977856121113,18.11180107122133,14.875235098850288
sqrt_daily,daily sqrt residual,12.0,31.0,21.0,74.0,69.0,17.513546059762618,17.84256643475696,44.675457272383234,40.659544290878074,28.78571399663501,25.692170506635147
sqrt_daily,daily sqrt residual,13.0,35.0,28.0,109.0,97.0,24.641057762823742,27.719070993544705,69.31651503520698,68.37861528442278,42.9226762891254,41.68258061910589
sqrt_daily,daily sqrt residual,14.0,22.0,27.0,131.0,124.0,32.37497195013772,40.31247791824329,101.6914869853447,108.69109320266607,60.145503036366755,63.58817712137874
sqrt_daily,daily sqrt residual,15.0,24.0,51.0,155.0,175.0,39.808290962428245,54.98552390257605,141.49977794777294,163.67661710524212,79.38360209796927,91.37787645112013
sqrt_daily,daily sqrt residual,16.0,59.0,96.0,214.0,271.0,45.9377689183176,70.51995089372386,187.43754686609054,234.19656799896597,98.97207879216829,123.99067149343239
sqrt_daily,daily sqrt residual,17.0,42.0,109.0,256.0,380.0,49.915235931062966,85.30595949459547,237.3527827971535,319.50252749356144,116.94321911317817,159.31883482916882
sqrt_daily,daily sqrt residual,18.0,57.0,117.0,313.0,497.0,51.25803286021886,97.6749513619273,288.61081565737237,417.17747885548874,131.42386479825737,194.4792206764827
sqrt_daily,daily sqrt residual,19.0,60.0,91.0,373.0,588.0,49.942535780718515,106.26434257020833,338.5533514380909,523.4418214256971,141.00911989353773,226.31001588374238
sqrt_daily,daily sqrt residual,20.0,58.0,97.0,431.0,685.0,46.35966419833744,110.2899249252929,384.9130156364283,633.73174635099,144.99935251034162,251.94571230969788
sqrt_daily,daily sqrt residual,21.0,54.0,107.0,485.0,792.0,41.16984836659458,109.64950355804694,426.0828640030229,743.3812499090369,143.44946524249224,269.3039129033675
sqrt_daily,daily sqrt residual,22.0,33.0,141.0,518.0,933.0,35.12254816135339,104.85140440860437,461.2054121643763,848.2326543176413,137.04928940105083,277.3630822628897
sqrt_daily,daily sqrt residual,23.0,22.0,100.0,540.0,1033.0,28.90135537231714,96.82217203131756,490.10676753669344,945.0548263489588,126.90148371253134,276.19359413060204
sqrt_daily,daily sqrt residual,24.0,9.0,81.0,549.0,1114.0,23.02868422251737,86.6721477295182,513.1354517592108,1031.726974078477,114.27511484838959,266.7820776483353
sqrt_daily,daily sqrt residual,25.0,10.0,85.0,559.0,1199.0,17.834013130297308,75.48727556536437,530.9694648895081,1107.2142496438414,100.3959740270083,250.73379866709544
sqrt_daily,daily sqrt residual,26.0,4.0,31.0,563.0,1230.0,13.470147569866413,64.18615051837742,544.4396124593745,1171.4004001622188,86.30537283281747,229.9451712446655
sqrt_daily,daily sqrt residual,27.0,2.0,61.0,565.0,1291.0,9.95518667130682,53.45083179529752,554.3947991306813,1224.8512319575163,72.79169424080371,206.3168603744582
sqrt_daily,daily sqrt residual,28.0,5.0,52.0,570.0,1343.0,7.220767943567921,43.718731256398314,561.6155670742493,1268.5699632139147,60.381194548667736,181.5468483636561
sqrt_daily,daily sqrt residual,29.0,0.0,46.0,570.0,1389.0,5.154301894412129,35.21393422932965,566.7698689686614,1303.7838974432443,49.367528121165115,157.01202039167822
sqrt_daily,daily sqrt residual,30.0,4.0,26.0,574.0,1415.0,3.6299540637128302,27.996911225575104,570.3998230323742,1331.7808086688194,39.860278420404946,133.72727162322488
sqrt_daily,daily sqrt residual,31.0,4.0,11.0,578.0,1426.0,2.5279677615245646,22.016759517800665,572.9277907938988,1353.79756818662,31.83757111929831,112.36055313131965
sqrt_daily,daily sqrt residual,32.0,0.0,13.0,578.0,1439.0,1.7445527013799165,17.15662342161704,574.6723434952787,1370.9541916082371,25.19366181504195,93.28146237397794
sqrt_daily,daily sqrt residual,33.0,0.0,8.0,578.0,1447.0,1.195258417247942,13.268726338482338,575.8676019125267,1384.2229179467195,19.777136286013935,76.62474755418454
sqrt_daily,daily sqrt residual,34.0,2.0,4.0,580.0,1451.0,0.8144328315787561,10.198438384928068,576.6820347441054,1394.4213563316475,15.418821996973087,62.354853050589995
sqrt_daily,daily sqrt residual,35.0,1.0,7.0,581.0,1458.0,0.5527797971509472,7.799108715058537,577.2348145412564,1402.220465046706,11.950435734974223,50.32355808976558
sqrt_daily,daily sqrt residual,36.0,2.0,2.0,583.0,1460.0,0.37427114155377694,5.939963873850047,577.6090856828101,1408.1604289205561,9.215779373590776,40.317003335867454
sqrt_daily,daily sqrt residual,37.0,0.0,1.0,583.0,1461.0,0.25313184658398313,4.509221766549672,577.8622175293941,1412.6696506871058,7.076461940618886,32.09125732398104
sqrt_daily,daily sqrt residual,38.0,0.0,5.0,583.0,1466.0,0.17123071623905162,3.4141970267969555,578.0334482456332,1416.0838477139027,5.41391614342722,25.397325928216265
sqrt_daily,daily sqrt residual,39.0,0.0,1.0,583.0,1467.0,0.11598422752717852,2.579766728481218,578.1494324731603,1418.663614442384,4.129099846749336,19.99740907438666
daily_mse,daily MSE,0.0,1.0,0.0,1.0,0.0,0.0022477781272210113,0.0010751693924583856,0.0022477781272210113,0.0010751693924583856,0.0027361880246408454,0.0009326206448612019
daily_mse,daily MSE,1.0,0.0,0.0,1.0,0.0,0.006102226164254526,0.0029580913197959466,0.008350004291475538,0.004033260712254332,0.0074468651295103785,0.003220126851350086
daily_mse,daily MSE,2.0,0.0,0.0,1.0,0.0,0.016195349824168877,0.008050512087405814,0.024545354115644416,0.012083772799660147,0.01989413776785117,0.009240680637722471
daily_mse,daily MSE,3.0,1.0,0.0,2.0,0.0,0.04169775053958551,0.021496745033737035,0.06624310465522992,0.03358051783339718,0.051728904367012926,0.02511437423472884
daily_mse,daily MSE,4.0,1.0,0.0,3.0,0.0,0.10330368095786008,0.05581466961296499,0.16954678561309,0.08939518744636217,0.12988305436842898,0.06595239576006962
daily_mse,daily MSE,5.0,0.0,0.0,3.0,0.0,0.24440910540774036,0.13971429212629827,0.41395589102083036,0.22910947957266042,0.31262421754671094,0.16712424822961702
daily_mse,daily MSE,6.0,1.0,3.0,4.0,3.0,0.5485954090100849,0.33460816491798023,0.9625513000309152,0.5637176444906407,0.7167751094007433,0.40631378700419923
daily_mse,daily MSE,7.0,2.0,2.0,6.0,5.0,1.1616275806433904,0.761607516359742,2.1241788806743056,1.3253251608503827,1.5570620880088064,0.9420367128383406
daily_mse,daily MSE,8.0,3.0,4.0,9.0,9.0,2.3097479370601572,1.6383102550781712,4.433926817734463,2.963635415928554,3.19101454839243,2.071869490516036
daily_mse,daily MSE,9.0,5.0,5.0,14.0,14.0,4.297529435621161,3.3159428503706216,8.731456253355624,6.2795782662991755,6.149862759605163,4.304439808940403
daily_mse,daily MSE,10.0,8.0,13.0,22.0,27.0,7.4641106020100985,6.294444355705899,16.195566855365723,12.574022622005074,11.122552620638823,8.42178144790224
daily_mse,daily MSE,11.0,21.0,21.0,43.0,48.0,12.08524137399463,11.182868104775686,28.280808229360353,23.75689072678076,18.85788898614359,15.487996896237545
daily_mse,daily MSE,12.0,31.0,21.0,74.0,69.0,18.234970756901255,18.57754420711899,46.51577898626161,42.33443493389975,29.971480357574958,26.75050283629617
daily_mse,daily MSE,13.0,35.0,28.0,109.0,97.0,25.656048281065537,28.860848679770264,72.17182726732715,71.19528361367001,44.690744063928136,43.399560504349914
daily_mse,daily MSE,14.0,22.0,27.0,131.0,124.0,33.708467453382525,41.97291117619969,105.88029472070967,113.1681947898697,62.622930121850075,66.20738839670999
daily_mse,daily MSE,15.0,24.0,51.0,155.0,175.0,41.44784363736893,57.2501636584896,147.3281383580786,170.4183584483593,82.65330658060992,95.1415718652045
daily_mse,daily MSE,16.0,59.0,96.0,214.0,271.0,47.82961425705176,73.42414980215494,195.15775261513036,243.84250825051424,103.04836702407871,129.09727329985301
daily_mse,daily MSE,17.0,42.0,109.0,256.0,380.0,51.97062600167729,88.81866694580572,247.12837861680765,332.66117519631996,121.75929572138199,165.8798743315302
daily_mse,daily MSE,18.0,57.0,117.0,313.0,497.0,53.36846148574847,101.69647743843717,300.4968401025561,434.35765263475713,136.83582593213816,202.48746660321936
daily_mse,daily MSE,19.0,60.0,91.0,373.0,588.0,51.99848535915709,110.63884924771884,352.4953254617132,544.996501882476,146.8152187406738,235.62791532149092
daily_mse,daily MSE,20.0,58.0,97.0,431.0,685.0,48.267796496112624,114.82937919983681,400.76312195782583,659.8258810823128,150.96910481369164,262.31779167621886
daily_mse,daily MSE,21.0,54.0,107.0,485.0,792.0,42.86409302695972,114.16181994787007,443.62721498478555,773.9877010301828,149.35475589027956,280.3891450525161
daily_mse,daily MSE,22.0,33.0,141.0,518.0,933.0,36.56767869539556,109.16554897248545,480.1948936801811,883.1532500026683,142.69046697788008,288.77851670585767
daily_mse,daily MSE,23.0,22.0,100.0,540.0,1033.0,30.09030648021735,100.80527624819229,510.28520016039846,983.9585262508606,132.12437244432087,287.55934499207143
daily_mse,daily MSE,24.0,9.0,81.0,549.0,1114.0,23.975902343654923,90.23712820215337,534.2611025040534,1074.195654453014,118.97784369235531,277.7591159557957
daily_mse,daily MSE,25.0,10.0,85.0,559.0,1199.0,18.567434529770935,78.59172011072906,552.8285370338243,1152.787374563743,104.52711345434072,261.0491688895827
daily_mse,daily MSE,26.0,4.0,31.0,563.0,1230.0,14.024039988128038,66.82548358814392,566.8525770219524,1219.612858151887,89.85637596374113,239.40415625116074
daily_mse,daily MSE,27.0,2.0,61.0,565.0,1291.0,10.364496656206143,55.648470156125086,577.2170736781585,1275.261328308012,75.7864286796061,214.80295510476765
daily_mse,daily MSE,28.0,5.0,52.0,570.0,1343.0,7.517619042807951,45.516041143434904,584.7346927209664,1320.777369451447,62.86515636878462,189.0133558118918
daily_mse,daily MSE,29.0,0.0,46.0,570.0,1389.0,5.366178765445625,36.66146443522598,590.1008714864121,1357.438833886673,51.39827237365184,163.4688686286718
daily_mse,daily MSE,30.0,4.0,26.0,574.0,1415.0,3.7791583931663126,29.147683557500613,593.8800298795784,1386.5865174441735,41.49984064800115,139.22611614746302
daily_mse,daily MSE,31.0,4.0,11.0,578.0,1426.0,2.6318686748550135,22.92166250973014,596.5118985544334,1409.5081799539037,33.14706699689056,116.98044742954838
daily_mse,daily MSE,32.0,0.0,13.0,578.0,1439.0,1.8162501656952372,17.861725403105083,598.3281487201286,1427.3699053570087,26.229842399496512,97.11661341044586
daily_mse,daily MSE,33.0,0.0,8.0,578.0,1447.0,1.2443791316868555,13.814017314202829,599.5725278518155,1441.1839226712116,20.59050974738996,79.77488078092053
daily_mse,daily MSE,34.0,2.0,4.0,580.0,1451.0,0.8479015607481415,10.617537773825006,600.4204294125636,1451.8014604450366,16.05292697958131,64.918194388861
daily_mse,daily MSE,35.0,1.0,7.0,581.0,1458.0,0.5754946780874661,8.119593495694517,600.9959240906511,1459.921053940731,12.441885931418968,52.39219877979703
daily_mse,daily MSE,36.0,2.0,2.0,583.0,1460.0,0.38965007353885994,6.184041977122661,601.38557416419,1466.1050959178538,9.594759088264361,41.9742270383505
daily_mse,daily MSE,37.0,0.0,1.0,583.0,1461.0,0.2635329072005561,4.694504152461832,601.6491070713905,1470.7996000703156,7.367459873285606,33.41030593575253
daily_mse,daily MSE,38.0,0.0,5.0,583.0,1466.0,0.17826639973748115,3.554482415551547,601.827373471128,1474.3540824858671,5.636542162178674,26.44119314988759
daily_mse,daily MSE,39.0,0.0,1.0,583.0,1467.0,0.12075004006612744,2.6857653878755627,601.9481235111941,1477.0398478737427,4.298889298237464,20.81930332078394
paper_mse,paper-style MSE,0.0,1.0,0.0,1.0,0.0,0.0022694284125743956,0.001085525177557068,0.0022694284125743956,0.001085525177557068,0.0027625319713590027,0.0009416020931271681
paper_mse,paper-style MSE,1.0,0.0,0.0,1.0,0.0,0.006160919785110706,0.002986539557762335,0.008430348197685102,0.004072064735319403,0.007518519298164427,0.0032511083416169513
paper_mse,paper-style MSE,2.0,0.0,0.0,1.0,0.0,0.016351199261856887,0.008127982679900635,0.02478154745954199,0.012200047415220037,0.020085573353654202,0.009329598160144111
paper_mse,paper-style MSE,3.0,1.0,0.0,2.0,0.0,0.04209903265051057,0.021703617431399043,0.06688058011005256,0.03390366484661908,0.052226705724663425,0.025356051648088504
paper_mse,paper-style MSE,4.0,1.0,0.0,3.0,0.0,0.10429784529409102,0.05635182917553044,0.17117842540414357,0.09025549402214952,0.13113298389366349,0.06658709518533218
paper_mse,paper-style MSE,5.0,0.0,0.0,3.0,0.0,0.24676109794101125,0.1410587598427675,0.41793952334515483,0.23131425386491702,0.31563270604440435,0.16873252727374813
paper_mse,paper-style MSE,6.0,1.0,3.0,4.0,3.0,0.5538747769822778,0.3378282453727829,0.9718143003274327,0.5691424992376999,0.7236729135464439,0.41022389162124673
paper_mse,paper-style MSE,7.0,2.0,2.0,6.0,5.0,1.1728063394053698,0.76893672715784,2.1446206397328025,1.33807922639554,1.5720462768596106,0.951102265757191
paper_mse,paper-style MSE,8.0,3.0,4.0,9.0,9.0,2.3319754125445202,1.6540762883283067,4.476596052277323,2.9921555147238466,3.2217227896086644,2.0918078056774227
paper_mse,paper-style MSE,9.0,5.0,5.0,14.0,14.0,4.33888610310764,3.3478533678303246,8.815482155384963,6.340008882554171,6.209045019423731,4.345862925279359
paper_mse,paper-style MSE,10.0,8.0,13.0,22.0,27.0,7.53593940931632,6.355017171022903,16.351421564701283,12.695026053577074,11.22958805799353,8.50282654141143
paper_mse,paper-style MSE,11.0,21.0,21.0,43.0,48.0,12.201539685233648,11.290482777219705,28.55296124993493,23.98550883079678,19.039362390945737,15.63704096203302
paper_mse,paper-style MSE,12.0,31.0,21.0,74.0,69.0,18.410444774283548,18.75631472421537,46.96340602421848,42.74182355501215,30.259897849720605,27.007924132227863
paper_mse,paper-style MSE,13.0,35.0,28.0,109.0,97.0,25.90292687003207,29.13856586872795,72.86633289425055,71.8803894237401,45.12079600740803,43.81718607026012
paper_mse,paper-style MSE,14.0,22.0,27.0,131.0,124.0,34.032816139692585,42.37678257354156,106.89914903394313,114.25717199728166,63.225520160874744,66.84446567763884
paper_mse,paper-style MSE,15.0,24.0,51.0,155.0,175.0,41.84663465706532,57.80099311580173,148.74578369100846,172.0581651130834,83.44860357462306,96.05702130023208
paper_mse,paper-style MSE,16.0,59.0,96.0,214.0,271.0,48.28976696860656,74.13053865978068,197.035550659615,246.18870377286407,104.0398467957732,130.33935476917927
paper_mse,paper-style MSE,17.0,42.0,109.0,256.0,380.0,52.47055554832559,89.67305849927305,249.5061062079406,335.8617622721371,122.930710249591,167.47571680624972
paper_mse,paper-style MSE,18.0,57.0,117.0,313.0,497.0,53.881777879835454,102.67462546322196,303.38788408777606,438.5363877353591,138.15217361992322,204.43530532318172
paper_mse,paper-style MSE,19.0,60.0,91.0,373.0,588.0,52.49854178847181,111.70283675082374,355.88642587624787,550.2392244861828,148.2274237760282,237.89427908982512
paper_mse,paper-style MSE,20.0,58.0,97.0,431.0,685.0,48.73189946544318,115.93347591163081,404.61832534169105,666.1727003978136,152.4211094326595,264.84054926185826
paper_mse,paper-style MSE,21.0,54.0,107.0,485.0,792.0,43.27616923988268,115.25931525081546,447.8944945815737,781.4320156486291,150.79107214304753,283.08534412845154
paper_mse,paper-style MSE,22.0,33.0,141.0,518.0,933.0,36.91916007406735,110.21483271424552,484.8136546556411,891.6468483628746,144.06253385012596,291.55500686939797
paper_mse,paper-style MSE,23.0,22.0,100.0,540.0,1033.0,30.37947824724239,101.7740329180059,515.1931329028835,993.4208812808805,133.39469365672426,290.32372943064894
paper_mse,paper-style MSE,24.0,9.0,81.0,549.0,1114.0,24.20627944057412,91.10418339358023,539.3994123434576,1084.5250646744607,120.1216437608048,280.4289168593726
paper_mse,paper-style MSE,25.0,10.0,85.0,559.0,1199.0,18.745815840595014,79.34676416344882,558.1452281840526,1163.8718288379096,105.53188959116736,263.5580460378844
paper_mse,paper-style MSE,26.0,4.0,31.0,563.0,1230.0,14.158754146975525,67.46740274131866,572.3039823310281,1231.3392315792282,90.72004766179042,241.70473851051753
paper_mse,paper-style MSE,27.0,2.0,61.0,565.0,1291.0,10.464045406246328,56.18295947949241,582.7680277372745,1287.5221910587206,76.51480220027224,216.86690796852838
paper_mse,paper-style MSE,28.0,5.0,52.0,570.0,1343.0,7.589815907699972,45.95316439987323,590.3578436449744,1333.4753554585939,63.469298123501424,190.82931523057383
paper_mse,paper-style MSE,29.0,0.0,46.0,570.0,1389.0,5.41770887572693,37.01351344076102,595.7755525207014,1370.4888688993549,51.89218300073739,165.0392544877622
paper_mse,paper-style MSE,30.0,4.0,26.0,574.0,1415.0,3.815446272522763,29.427561319907454,599.5909987932241,1399.9164302192623,41.89860778341513,140.56350407635333
paper_mse,paper-style MSE,31.0,4.0,11.0,578.0,1426.0,2.657137651585913,23.14174019111215,602.24813644481,1423.0581704103745,33.46555575185583,118.10405636254927
paper_mse,paper-style MSE,32.0,0.0,13.0,578.0,1439.0,1.8336874495684015,18.033209038999303,604.0818238943784,1441.0913794493738,26.48185683567143,98.04935888773448
paper_mse,paper-style MSE,33.0,0.0,8.0,578.0,1447.0,1.2563256231659352,13.94663594434519,605.3381495175444,1455.038015393719,20.788333377676256,80.54102351942579
paper_mse,paper-style MSE,34.0,2.0,4.0,580.0,1451.0,0.856041396824935,10.719465312583907,606.1941909143693,1465.7574807063029,16.20714948653501,65.54162319648819
paper_mse,paper-style MSE,35.0,1.0,7.0,581.0,1458.0,0.5810188140395667,8.197535618464599,606.7752097284089,1473.9550163247675,12.561412915499085,52.89530897958699
paper_mse,paper-style MSE,36.0,2.0,2.0,583.0,1460.0,0.3933902303410832,6.243401828078959,607.16859995875,1480.1984181528464,9.68693200866612,42.37727539790989
paper_mse,paper-style MSE,37.0,0.0,1.0,583.0,1461.0,0.26606248931727805,4.739565012492676,607.4346624480672,1484.9379831653391,7.4382346613389485,33.73110668304221
paper_mse,paper-style MSE,38.0,0.0,5.0,583.0,1466.0,0.17997750045935845,3.5886000092289123,607.6146399485266,1488.526583174568,5.690688114871779,26.695067515765004
paper_mse,paper-style MSE,39.0,0.0,1.0,583.0,1467.0,0.12190923153286803,2.71154601477474,607.7365491800595,1491.2381291893428,4.3401841016365506,21.019193111846807
