switch_s,total_cost
3.001499999999999724e-01,1.578385503679158752e+00
3.011066576373519488e-01,1.578385394739856507e+00
3.020633152747039807e-01,1.578384808822244523e+00
3.030199729120559571e-01,1.578383363253192728e+00
3.039766305494079335e-01,1.578380703096257331e+00
3.049332881867599099e-01,1.578376499483085338e+00
3.058899458241119418e-01,1.578370448050248287e+00
3.068466034614639182e-01,1.578362267474173075e+00
3.078032610988158946e-01,1.578351698097366418e+00
3.087599187361678710e-01,1.578338500639687503e+00
3.097165763735199029e-01,1.578322454988868362e+00
3.106732340108718793e-01,1.578303359064983757e+00
3.116298916482238557e-01,1.578281027753868582e+00
3.125865492855758876e-01,1.578255291904940849e+00
3.135432069229278640e-01,1.578225997389180790e+00
3.144998645602798404e-01,1.578193004213324091e+00
3.154565221976318168e-01,1.578156185686651947e+00
3.164131798349838487e-01,1.578115427636937351e+00
3.173698374723358251e-01,1.578070627672484072e+00
3.183264951096878015e-01,1.578021694487234283e+00
3.192831527470397779e-01,1.577968547206289429e+00
3.202398103843918098e-01,1.577911114769436018e+00
3.211964680217437862e-01,1.577849335349888360e+00
3.221531256590957626e-01,1.577783155806677495e+00
3.231097832964477945e-01,1.577712531168142585e+00
3.240664409337997709e-01,1.577637424144821443e+00
3.250230985711517473e-01,1.577557804669957875e+00
3.259797562085037237e-01,1.577473649465899852e+00
3.269364138458557556e-01,1.577384941634913718e+00
3.278930714832077320e-01,1.577291670272878088e+00
3.288497291205597084e-01,1.577193830104590244e+00
3.298063867579116848e-01,1.577091421139330096e+00
3.307630443952637167e-01,1.576984448345575718e+00
3.317197020326156931e-01,1.576872921343674738e+00
3.326763596699676695e-01,1.576756854115505702e+00
3.336330173073196459e-01,1.576636264730099990e+00
3.345896749446716778e-01,1.576511175084347682e+00
3.355463325820236542e-01,1.576381610657884735e+00
3.365029902193756306e-01,1.576247600281397432e+00
3.374596478567276625e-01,1.576109175917579153e+00
3.384163054940796389e-01,1.575966372454002506e+00
3.393729631314316153e-01,1.575819227507262221e+00
3.403296207687835917e-01,1.575667781237774179e+00
3.412862784061356236e-01,1.575512076174605536e+00
3.422429360434876000e-01,1.575352157049809909e+00
3.431995936808395764e-01,1.575188070641745597e+00
3.441562513181916083e-01,1.575019865626858140e+00
3.451129089555435847e-01,1.574847592439506450e+00
3.460695665928955611e-01,1.574671303139345557e+00
3.470262242302475375e-01,1.574491051285923149e+00
3.479828818675995694e-01,1.574306891820041798e+00
3.489395395049515458e-01,1.574118880951540067e+00
3.498961971423035222e-01,1.573927076053190044e+00
3.508528547796554986e-01,1.573731535560295880e+00
3.518095124170075305e-01,1.573532318875813685e+00
3.527661700543595069e-01,1.573329486280574008e+00
3.537228276917114833e-01,1.573123098848429935e+00
3.546794853290634597e-01,1.572913218366028598e+00
3.556361429664154916e-01,1.572699907256974949e+00
3.565928006037674680e-01,1.572483228510157094e+00
3.575494582411194444e-01,1.572263245611994931e+00
3.585061158784714763e-01,1.572040022482471544e+00
3.594627735158234527e-01,1.571813623414680006e+00
3.604194311531754291e-01,1.571584113017711948e+00
3.613760887905274055e-01,1.571351556162778662e+00
3.623327464278794374e-01,1.571116017932321363e+00
3.632894040652314138e-01,1.570877563572007585e+00
3.642460617025833902e-01,1.570636258445438527e+00
3.652027193399354221e-01,1.570392167991427002e+00
3.661593769772873985e-01,1.570145357683755183e+00
3.671160346146393749e-01,1.569895892993220521e+00
3.680726922519913513e-01,1.569643839351914316e+00
3.690293498893433277e-01,1.569389262119576633e+00
3.699860075266953596e-01,1.569132226551935849e+00
3.709426651640473360e-01,1.568872797770951344e+00
3.718993228013993124e-01,1.568611040736825224e+00
3.728559804387513443e-01,1.568347020221732890e+00
3.738126380761033207e-01,1.568080800785132567e+00
3.747692957134552971e-01,1.567812446750657340e+00
3.757259533508072735e-01,1.567542022184406747e+00
3.766826109881593054e-01,1.567269590874654561e+00
3.776392686255112818e-01,1.566995216312840666e+00
3.785959262628632582e-01,1.566718961675838795e+00
3.795525839002152901e-01,1.566440889809470161e+00
3.805092415375672665e-01,1.566161063212658799e+00
3.814658991749192429e-01,1.565879544023640380e+00
3.824225568122712193e-01,1.565596394006180780e+00
3.833792144496231957e-01,1.565311674537264164e+00
3.843358720869752276e-01,1.565025446595586844e+00
3.852925297243272040e-01,1.564737770750904478e+00
3.862491873616792359e-01,1.564448707154207030e+00
3.872058449990312123e-01,1.564158315528651366e+00
3.881625026363831887e-01,1.563866655161283870e+00
3.891191602737351651e-01,1.563573784895393004e+00
3.900758179110871415e-01,1.563279763123594179e+00
3.910324755484391734e-01,1.562984647781489267e+00
3.919891331857911498e-01,1.562688496341948730e+00
3.929457908231431262e-01,1.562391365809955524e+00
3.939024484604951581e-01,1.562093312717999005e+00
3.948591060978471345e-01,1.561794393121948232e+00
3.958157637351991109e-01,1.561494662597437300e+00
3.967724213725510873e-01,1.561194176236687436e+00
3.977290790099031192e-01,1.560892988645767199e+00
3.986857366472550956e-01,1.560591153942274545e+00
3.996423942846070720e-01,1.560288725753379069e+00
4.005990519219591040e-01,1.559985757214276125e+00
4.015557095593110803e-01,1.559682300966929835e+00
4.025123671966630567e-01,1.559378409159198009e+00
4.034690248340150331e-01,1.559074133444230181e+00
4.044256824713670095e-01,1.558769524980190280e+00
4.053823401087190414e-01,1.558464634430222873e+00
4.063389977460710178e-01,1.558159511962708299e+00
4.072956553834230498e-01,1.557854207251760048e+00
4.082523130207750262e-01,1.557548769477945072e+00
4.092089706581270026e-01,1.557243247329225699e+00
4.101656282954789789e-01,1.556937689002125369e+00
4.111222859328309553e-01,1.556632142203056901e+00
4.120789435701829873e-01,1.556326654149876365e+00
4.130356012075349637e-01,1.556021271573567510e+00
4.139922588448869401e-01,1.555716040720126037e+00
4.149489164822389720e-01,1.555411007352561104e+00
4.159055741195909484e-01,1.555106216753068038e+00
4.168622317569429248e-01,1.554801713725317613e+00
4.178188893942949012e-01,1.554497542596882109e+00
4.187755470316469331e-01,1.554193747221771060e+00
4.197322046689989095e-01,1.553890370983064484e+00
4.206888623063508859e-01,1.553587456795691102e+00
4.216455199437029178e-01,1.553285047109242312e+00
4.226021775810548942e-01,1.552983183910921161e+00
4.235588352184068706e-01,1.552681908728553717e+00
4.245154928557588470e-01,1.552381262633676151e+00
4.254721504931108234e-01,1.552081286244698433e+00
4.264288081304628553e-01,1.551782019730130191e+00
4.273854657678148317e-01,1.551483502811855208e+00
4.283421234051668636e-01,1.551185774768488734e+00
4.292987810425188400e-01,1.550888874438747456e+00
4.302554386798708164e-01,1.550592840224905844e+00
4.312120963172227928e-01,1.550297710096248061e+00
4.321687539545747692e-01,1.550003521592596911e+00
4.331254115919267456e-01,1.549710311827857900e+00
4.340820692292787775e-01,1.549418117493592151e+00
4.350387268666308094e-01,1.549126974862618411e+00
4.359953845039827858e-01,1.548836919792651035e+00
4.369520421413347622e-01,1.548547987729922415e+00
4.379086997786867386e-01,1.548260213712867817e+00
4.388653574160387150e-01,1.547973632375786890e+00
4.398220150533906914e-01,1.547688277952543157e+00
4.407786726907427233e-01,1.547404184280249506e+00
4.417353303280946997e-01,1.547121384802985666e+00
4.426919879654467316e-01,1.546839912575498577e+00
4.436486456027987080e-01,1.546559800266907647e+00
4.446053032401506844e-01,1.546281080164429333e+00
4.455619608775026608e-01,1.546003784177077955e+00
4.465186185148546372e-01,1.545727943839362961e+00
4.474752761522066691e-01,1.545453590315014836e+00
4.484319337895586455e-01,1.545180754400653944e+00
4.493885914269106774e-01,1.544909466529480468e+00
4.503452490642626538e-01,1.544639756774964789e+00
4.513019067016146302e-01,1.544371654854496345e+00
4.522585643389666066e-01,1.544105190133048922e+00
4.532152219763185830e-01,1.543840391626799757e+00
4.541718796136705594e-01,1.543577288006778403e+00
4.551285372510225913e-01,1.543315907602457848e+00
4.560851948883746232e-01,1.543056278405349424e+00
4.570418525257265996e-01,1.542798428072590822e+00
4.579985101630785760e-01,1.542542383930471939e+00
4.589551678004305524e-01,1.542288172978004246e+00
4.599118254377825288e-01,1.542035821890411995e+00
4.608684830751345052e-01,1.541785357022639413e+00
4.618251407124865371e-01,1.541536804412830364e+00
4.627817983498385135e-01,1.541290189785755826e+00
4.637384559871905454e-01,1.541045538556270245e+00
4.646951136245425218e-01,1.540802875832709695e+00
4.656517712618944982e-01,1.540562226420264302e+00
4.666084288992464746e-01,1.540323614824334220e+00
4.675650865365984510e-01,1.540087065253892273e+00
4.685217441739504829e-01,1.539852601624758011e+00
4.694784018113024593e-01,1.539620247562895061e+00
4.704350594486544912e-01,1.539390026407673417e+00
4.713917170860064676e-01,1.539161961215098406e+00
4.723483747233584440e-01,1.538936074761010131e+00
4.733050323607104204e-01,1.538712389544267367e+00
4.742616899980623968e-01,1.538490927789909923e+00
4.752183476354143732e-01,1.538271711452264601e+00
4.761750052727664051e-01,1.538054762218068028e+00
4.771316629101183815e-01,1.537840101509517332e+00
4.780883205474704134e-01,1.537627750487322364e+00
4.790449781848223898e-01,1.537417730053743936e+00
4.800016358221743662e-01,1.537210060855545457e+00
4.809582934595263426e-01,1.537004763286992759e+00
4.819149510968783190e-01,1.536801857492764434e+00
4.828716087342303509e-01,1.536601363370873718e+00
4.838282663715823273e-01,1.536403300575551967e+00
4.847849240089343592e-01,1.536207688520091708e+00
4.857415816462863356e-01,1.536014546379675494e+00
4.866982392836383120e-01,1.535823893094183212e+00
4.876548969209902884e-01,1.535635747370954540e+00
4.886115545583422648e-01,1.535450127687538302e+00
4.895682121956942967e-01,1.535267052294399415e+00
4.905248698330462731e-01,1.535086539217629387e+00
4.914815274703983050e-01,1.534908606261579322e+00
4.924381851077502814e-01,1.534733271011538225e+00
4.933948427451022578e-01,1.534560550836293835e+00
4.943515003824542342e-01,1.534390462890749873e+00
4.953081580198062106e-01,1.534223024118468004e+00
4.962648156571581870e-01,1.534058251254196259e+00
4.972214732945102189e-01,1.533896160826380584e+00
4.981781309318621953e-01,1.533736769159634639e+00
4.991347885692142272e-01,1.533580092377192727e+00
5.000914462065662036e-01,1.533426146403328971e+00
5.010481038439181800e-01,1.533274946965770047e+00
5.020047614812701564e-01,1.533126509598051967e+00
5.029614191186221328e-01,1.532980849641885523e+00
5.039180767559741092e-01,1.532837982249460662e+00
5.048747343933261966e-01,1.532697922385765299e+00
5.058313920306781730e-01,1.532560684830834852e+00
5.067880496680301494e-01,1.532426284182019316e+00
5.077447073053821258e-01,1.532294734856206597e+00
5.087013649427341022e-01,1.532166051091999437e+00
5.096580225800860786e-01,1.532040246951924312e+00
5.106146802174380550e-01,1.531917336324554846e+00
5.115713378547901424e-01,1.531797332926656319e+00
5.125279954921421188e-01,1.531680250305277102e+00
5.134846531294940952e-01,1.531566101839839433e+00
5.144413107668460716e-01,1.531454900744198433e+00
5.153979684041980480e-01,1.531346660068665377e+00
5.163546260415500244e-01,1.531241392702024307e+00
5.173112836789020008e-01,1.531139111373533979e+00
5.182679413162540882e-01,1.531039828654866763e+00
5.192245989536059536e-01,1.530943556962087282e+00
5.201812565909580410e-01,1.530850308557545336e+00
5.211379142283100174e-01,1.530760095551801259e+00
5.220945718656619938e-01,1.530672929905492641e+00
5.230512295030139702e-01,1.530588823431183076e+00
5.240078871403659466e-01,1.530507787795226005e+00
5.249645447777180340e-01,1.530429834519554833e+00
5.259212024150698994e-01,1.530354974983497929e+00
5.268778600524219868e-01,1.530283220425541879e+00
5.278345176897739632e-01,1.530214581945087637e+00
5.287911753271259396e-01,1.530149070504190023e+00
5.297478329644779160e-01,1.530086696929270129e+00
5.307044906018298924e-01,1.530027471912808634e+00
5.316611482391818688e-01,1.529971406015026236e+00
5.326178058765338452e-01,1.529918509665528337e+00
5.335744635138859326e-01,1.529868793164967489e+00
5.345311211512379090e-01,1.529822266686631238e+00
5.354877787885898854e-01,1.529778940278053501e+00
5.364444364259418618e-01,1.529738823862615504e+00
5.374010940632938382e-01,1.529701927241074344e+00
5.383577517006458146e-01,1.529668260093130616e+00
5.393144093379977910e-01,1.529637831978958307e+00
5.402710669753498784e-01,1.529610652340698707e+00
5.412277246127018548e-01,1.529586730503952108e+00
5.421843822500538312e-01,1.529566075679274162e+00
5.431410398874058076e-01,1.529548696963606957e+00
5.440976975247577840e-01,1.529534603341738741e+00
5.450543551621097604e-01,1.529523803687722339e+00
5.460110127994617368e-01,1.529516306766267597e+00
5.469676704368138243e-01,1.529512121234156918e+00
5.479243280741658007e-01,1.529511255641602174e+00
5.488809857115177770e-01,1.529513718433615166e+00
5.498376433488697534e-01,1.529519517951331897e+00
5.507943009862217298e-01,1.529528662433365049e+00
5.517509586235737062e-01,1.529541160017094503e+00
5.527076162609256826e-01,1.529557018739971852e+00
5.536642738982777701e-01,1.529576246540805595e+00
5.546209315356296354e-01,1.529598851261020798e+00
5.555775891729817229e-01,1.529624840645914752e+00
5.565342468103336993e-01,1.529654222345885994e+00
5.574909044476856756e-01,1.529687003917671095e+00
5.584475620850376520e-01,1.529723192825545031e+00
5.594042197223896284e-01,1.529762796442501127e+00
5.603608773597417159e-01,1.529805822051462982e+00
5.613175349970935812e-01,1.529852276846424886e+00
5.622741926344456687e-01,1.529902167933610890e+00
5.632308502717976451e-01,1.529955502332615902e+00
5.641875079091496215e-01,1.530012286977537439e+00
5.651441655465015979e-01,1.530072528718072977e+00
5.661008231838535742e-01,1.530136234320637278e+00
5.670574808212056617e-01,1.530203410469438641e+00
5.680141384585575270e-01,1.530274063767561366e+00
5.689707960959096145e-01,1.530348200738011588e+00
5.699274537332615909e-01,1.530425827824785312e+00
5.708841113706135673e-01,1.530506951393894255e+00
5.718407690079655437e-01,1.530591577734401243e+00
5.727974266453175201e-01,1.530679713059413860e+00
5.737540842826696075e-01,1.530771363507108962e+00
5.747107419200214729e-01,1.530866535141710560e+00
5.756673995573735603e-01,1.530965233954462823e+00
5.766240571947254256e-01,1.531067465864614174e+00
5.775807148320775131e-01,1.531173236720344111e+00
5.785373724694294895e-01,1.531282552299747080e+00
5.794940301067814659e-01,1.531395418311723988e+00
5.804506877441335533e-01,1.531511840396936774e+00
5.814073453814854187e-01,1.531631824128706132e+00
5.823640030188375061e-01,1.531755375013907017e+00
5.833206606561893715e-01,1.531882498493879474e+00
5.842773182935414589e-01,1.532013199945286397e+00
5.852339759308934353e-01,1.532147484680996152e+00
5.861906335682454117e-01,1.532285357950948113e+00
5.871472912055973881e-01,1.532426824942978660e+00
5.881039488429493645e-01,1.532571890783694712e+00
5.890606064803014519e-01,1.532720560539277521e+00
5.900172641176533173e-01,1.532872839216318894e+00
5.909739217550054047e-01,1.533028731762620112e+00
5.919305793923573811e-01,1.533188243068004608e+00
5.928872370297093575e-01,1.533351377965110007e+00
5.938438946670613339e-01,1.533518141230163057e+00
5.948005523044133103e-01,1.533688537583762557e+00
5.957572099417653977e-01,1.533862571691645194e+00
5.967138675791172631e-01,1.534040248165435827e+00
5.976705252164693505e-01,1.534221571563395781e+00
5.986271828538213269e-01,1.534406546391174686e+00
5.995838404911733033e-01,1.534595177102524577e+00
6.005404981285252797e-01,1.534787468100035746e+00
6.014971557658772561e-01,1.534983423735840846e+00
6.024538134032293435e-01,1.535183048312327436e+00
6.034104710405812089e-01,1.535386346082835640e+00
6.043671286779332963e-01,1.535593321252342047e+00
6.053237863152852727e-01,1.535803977978155821e+00
6.062804439526372491e-01,1.536018320370572177e+00
6.072371015899892255e-01,1.536236352493554280e+00
6.081937592273412019e-01,1.536458078365393831e+00
6.091504168646932893e-01,1.536683501959343223e+00
6.101070745020451547e-01,1.536912627204288562e+00
6.110637321393972421e-01,1.537145457985358732e+00
6.120203897767492185e-01,1.537381998144571327e+00
6.129770474141011949e-01,1.537622251481451041e+00
6.139337050514531713e-01,1.537866221753639628e+00
6.148903626888051477e-01,1.538113912677511852e+00
6.158470203261572351e-01,1.538365327928770565e+00
6.168036779635091005e-01,1.538620471143043789e+00
6.177603356008611879e-01,1.538879345916475794e+00
6.187169932382130533e-01,1.539141955806294870e+00
6.196736508755651407e-01,1.539408304331411070e+00
6.206303085129171171e-01,1.539678394972960884e+00
6.215869661502690935e-01,1.539952231174873898e+00
6.225436237876210699e-01,1.540229816344447222e+00
6.235002814249730463e-01,1.540511153852866855e+00
6.244569390623251337e-01,1.540796247035764566e+00
6.254135966996769991e-01,1.541085099193751029e+00
6.263702543370290865e-01,1.541377713592966270e+00
6.273269119743810629e-01,1.541674093465559725e+00
6.282835696117330393e-01,1.541974242010248464e+00
6.292402272490850157e-01,1.542278162392821894e+00
6.301968848864369921e-01,1.542585857746640254e+00
6.311535425237890795e-01,1.542897331173134434e+00
6.321102001611409449e-01,1.543212585742314236e+00
6.330668577984930323e-01,1.543531624493247989e+00
6.340235154358450087e-01,1.543854450434559933e+00
6.349801730731969851e-01,1.544181066544892511e+00
6.359368307105489615e-01,1.544511475773395981e+00
6.368934883479009379e-01,1.544845681040177165e+00
6.378501459852530253e-01,1.545183685236801496e+00
6.388068036226048907e-01,1.545525491226708681e+00
6.397634612599569781e-01,1.545871101845683215e+00
6.407201188973089545e-01,1.546220519902317347e+00
6.416767765346609309e-01,1.546573748178432739e+00
6.426334341720129073e-01,1.546930789429528552e+00
6.435900918093648837e-01,1.547291646385222208e+00
6.445467494467169711e-01,1.547656321749649733e+00
6.455034070840688365e-01,1.548024818201937824e+00
6.464600647214209239e-01,1.548397138396581996e+00
6.474167223587729003e-01,1.548773284963880892e+00
6.483733799961248767e-01,1.549153260510341967e+00
6.493300376334768531e-01,1.549537067619082054e+00
6.502866952708288295e-01,1.549924708850248134e+00
6.512433529081809169e-01,1.550316186741391045e+00
6.522000105455327823e-01,1.550711503807871594e+00
6.531566681828848697e-01,1.551110662543245811e+00
6.541133258202367351e-01,1.551513665419653742e+00
6.550699834575888225e-01,1.551920514888188274e+00
6.560266410949407989e-01,1.552331213379289920e+00
6.569832987322927753e-01,1.552745763303094995e+00
6.579399563696448627e-01,1.553164167049826183e+00
6.588966140069967281e-01,1.553586426990146041e+00
6.598532716443488155e-01,1.554012545475514040e+00
6.608099292817006809e-01,1.554442524838547834e+00
6.617665869190527683e-01,1.554876367393374759e+00
6.627232445564047447e-01,1.555314075435985544e+00
6.636799021937567211e-01,1.555755651244568050e+00
6.646365598311086975e-01,1.556201097079856321e+00
6.655932174684606739e-01,1.556650415185466763e+00
6.665498751058127613e-01,1.557103607788234534e+00
6.675065327431646267e-01,1.557560677098535740e+00
6.684631903805167141e-01,1.558021625310626712e+00
6.694198480178686905e-01,1.558486454602962867e+00
6.703765056552206669e-01,1.558955167138498688e+00
6.713331632925726433e-01,1.559427765065045657e+00
6.722898209299246197e-01,1.559904250515550483e+00
6.732464785672767071e-01,1.560384625608415732e+00
6.742031362046285725e-01,1.560868892447815792e+00
6.751597938419806599e-01,1.561357053123985317e+00
6.761164514793326363e-01,1.561849109713528083e+00
6.770731091166846127e-01,1.562345064279720086e+00
6.780297667540365891e-01,1.562844918872787536e+00
6.789864243913885655e-01,1.563348675530213061e+00
6.799430820287406529e-01,1.563856336277011483e+00
6.808997396660925183e-01,1.564367903126029136e+00
6.818563973034446057e-01,1.564883378078209208e+00
6.828130549407965821e-01,1.565402763122888841e+00
6.837697125781485585e-01,1.565926060238059803e+00
6.847263702155005349e-01,1.566453271390653379e+00
6.856830278528525113e-01,1.566984398536797496e+00
6.866396854902045988e-01,1.567519443622098718e+00
6.875963431275564641e-01,1.568058408581907814e+00
6.885530007649085515e-01,1.568601295341562007e+00
6.895096584022604169e-01,1.569148105816671190e+00
6.904663160396125043e-01,1.569698841913351739e+00
6.914229736769644807e-01,1.570253505528505844e+00
6.923796313143164571e-01,1.570812098550043556e+00
6.933362889516685446e-01,1.571374622857161230e+00
6.942929465890204099e-01,1.571941080320563788e+00
6.952496042263724974e-01,1.572511472802728072e+00
6.962062618637243627e-01,1.573085802158134427e+00
6.971629195010764501e-01,1.573664070233507850e+00
6.981195771384284265e-01,1.574246278868059123e+00
6.990762347757804029e-01,1.574832429893705310e+00
7.000328924131323793e-01,1.575422525135332652e+00
7.009895500504843557e-01,1.576016566410985087e+00
7.019462076878364432e-01,1.576614555532130924e+00
7.029028653251883085e-01,1.577216494303858463e+00
7.038595229625403960e-01,1.577822384525127797e+00
7.048161805998923723e-01,1.578432227988955328e+00
7.057728382372443487e-01,1.579046026482670229e+00
7.067294958745963251e-01,1.579663781788102961e+00
7.076861535119483015e-01,1.580285495681827301e+00
7.086428111493003890e-01,1.580911169935334426e+00
7.095994687866522543e-01,1.581540806315288705e+00
7.105561264240043418e-01,1.582174406583699122e+00
7.115127840613563182e-01,1.582811972498142650e+00
7.124694416987082946e-01,1.583453505811965867e+00
7.134260993360602710e-01,1.584099008274491238e+00
7.143827569734122473e-01,1.584748481631214956e+00
7.153394146107643348e-01,1.585401927623994123e+00
7.162960722481162001e-01,1.586059347991267909e+00
7.172527298854682876e-01,1.586720744468227196e+00
7.182093875228202640e-01,1.587386118787021960e+00
7.191660451601722404e-01,1.588055472676959790e+00
7.201227027975242168e-01,1.588728807864662640e+00
7.210793604348761932e-01,1.589406126074302872e+00
7.220360180722282806e-01,1.590087429027738697e+00
7.229926757095801459e-01,1.590772718444735778e+00
7.239493333469322334e-01,1.591461996043135985e+00
7.249059909842842098e-01,1.592155263539037025e+00
7.258626486216361862e-01,1.592852522646967195e+00
7.268193062589881626e-01,1.593553775080075008e+00
7.277759638963401390e-01,1.594259022550300831e+00
7.287326215336922264e-01,1.594968266768534537e+00
7.296892791710440918e-01,1.595681509444815349e+00
7.306459368083961792e-01,1.596398752288483935e+00
7.316025944457480445e-01,1.597119997008360937e+00
7.325592520831001320e-01,1.597845245312905060e+00
7.335159097204521084e-01,1.598574498910391606e+00
7.344725673578040848e-01,1.599307759509069449e+00
7.354292249951561722e-01,1.600045028817324022e+00
7.363858826325080376e-01,1.600786308543841630e+00
7.373425402698601250e-01,1.601531600397778199e+00
7.382991979072119904e-01,1.602280906088897616e+00
7.392558555445640778e-01,1.603034227327750250e+00
7.402125131819160542e-01,1.603791565825818166e+00
7.411691708192680306e-01,1.604552923295675226e+00
7.421258284566200070e-01,1.605318301451134078e+00
7.430824860939719834e-01,1.606087702007412243e+00
7.440391437313240708e-01,1.606861126681253360e+00
7.449958013686759362e-01,1.607638577191121243e+00
7.459524590060280236e-01,1.608420055257311798e+00
7.469091166433800000e-01,1.609205562602110007e+00
7.478657742807319764e-01,1.609995100949937585e+00
7.488224319180839528e-01,1.610788672027512636e+00
7.497790895554359292e-01,1.611586277563962222e+00
7.507357471927880166e-01,1.612387919290988014e+00
7.516924048301398820e-01,1.613193598943000850e+00
7.526490624674919694e-01,1.614003318257261954e+00
7.536057201048439458e-01,1.614817078974002840e+00
7.545623777421959222e-01,1.615634882836607833e+00
7.555190353795478986e-01,1.616456731591701113e+00
7.564756930168998750e-01,1.617282626989307248e+00
7.574323506542519624e-01,1.618112570782991755e+00
7.583890082916038278e-01,1.618946564729973892e+00
7.593456659289559152e-01,1.619784610591271212e+00
7.603023235663078916e-01,1.620626710131825909e+00
7.612589812036598680e-01,1.621472865120643370e+00
7.622156388410118444e-01,1.622323077330910301e+00
7.631722964783638208e-01,1.623177348540127074e+00
7.641289541157159082e-01,1.624035680530241610e+00
7.650856117530677736e-01,1.624898075087754634e+00
7.660422693904198610e-01,1.625764534003873107e+00
7.669989270277717264e-01,1.626635059074617251e+00
7.679555846651238138e-01,1.627509652100933124e+00
7.689122423024757902e-01,1.628388314888845168e+00
7.698688999398277666e-01,1.629271049249551018e+00
7.708255575771798540e-01,1.630157856999552957e+00
7.717822152145317194e-01,1.631048739960771377e+00
7.727388728518838068e-01,1.631943699960671790e+00
7.736955304892356722e-01,1.632842738832379847e+00
7.746521881265877596e-01,1.633745858414788144e+00
7.756088457639397360e-01,1.634653060552687664e+00
7.765655034012917124e-01,1.635564347096873039e+00
7.775221610386436888e-01,1.636479719904254226e+00
