time,c,q_eps_0p10,q_eps_0p04,q_eps_0p015
0.000000000000000000e+00,2.000273631129652951e+00,1.828629513358606449e-16,1.967303174403731457e-16,0.000000000000000000e+00
3.750000000000000000e-01,2.000816386547632053e+00,5.511104106132498386e-16,4.942375959774592654e-16,0.000000000000000000e+00
7.500000000000000000e-01,2.002254840358986598e+00,5.211198694047715112e-16,1.427606603527180330e-17,0.000000000000000000e+00
1.125000000000000000e+00,2.005765346087471368e+00,2.358224323924298027e-16,0.000000000000000000e+00,0.000000000000000000e+00
1.500000000000000000e+00,2.013646603991441353e+00,0.000000000000000000e+00,0.000000000000000000e+00,3.727768872883765086e-16
1.875000000000000000e+00,2.029902907588085892e+00,4.490209506378503210e-16,0.000000000000000000e+00,5.491993271138401159e-16
2.250000000000000000e+00,2.060658528643182663e+00,1.248650731784997531e-16,0.000000000000000000e+00,4.323320664985286452e-16
2.625000000000000000e+00,2.113909500639751027e+00,0.000000000000000000e+00,0.000000000000000000e+00,8.086794381399751050e-16
3.000000000000000000e+00,2.198023917367125435e+00,1.784285982345981498e-16,0.000000000000000000e+00,4.946164308035507679e-16
3.375000000000000000e+00,2.318687456860872853e+00,0.000000000000000000e+00,0.000000000000000000e+00,0.000000000000000000e+00
3.750000000000000000e+00,2.474790386420617327e+00,2.887921214485651422e-01,2.887921214485647536e-01,2.887921214485613675e-01
4.125000000000000000e+00,2.654829877245719949e+00,6.902230258778279115e-01,6.902230258778285776e-01,6.902230258778264682e-01
4.500000000000000000e+00,2.836073925067836399e+00,9.557389648554638351e-01,9.831977324779291871e-01,9.966991981028184844e-01
4.875000000000000000e+00,2.988212846522513289e+00,9.999999999999988898e-01,1.000000000000000000e+00,1.000000000000000000e+00
5.250000000000000000e+00,3.081299332220613252e+00,8.799532494507364966e-01,9.377073362889272179e-01,1.000000000000000000e+00
5.625000000000000000e+00,3.095294728722892241e+00,4.898019514113099993e-01,4.292178905693699864e-01,3.516130593235720636e-01
6.000000000000000000e+00,3.027083337482163294e+00,2.856777459869012936e-02,0.000000000000000000e+00,0.000000000000000000e+00
6.375000000000000000e+00,2.891599862961813816e+00,3.925124007263293842e-16,0.000000000000000000e+00,0.000000000000000000e+00
6.750000000000000000e+00,2.716512754793227735e+00,2.220446049255418983e-16,1.110223024624805990e-16,0.000000000000000000e+00
7.125000000000000000e+00,2.533049428162907901e+00,0.000000000000000000e+00,0.000000000000000000e+00,0.000000000000000000e+00
7.500000000000000000e+00,2.367113758540793977e+00,0.000000000000000000e+00,2.220446049250215952e-16,0.000000000000000000e+00
7.875000000000000000e+00,2.234057986014847508e+00,1.110223024627786405e-16,2.775557561562534391e-16,0.000000000000000000e+00
8.250000000000000000e+00,2.138145228697306166e+00,0.000000000000000000e+00,0.000000000000000000e+00,2.220446049255494911e-16
8.625000000000000000e+00,2.075481051054470338e+00,0.000000000000000000e+00,0.000000000000000000e+00,0.000000000000000000e+00
9.000000000000000000e+00,2.038179445054139283e+00,1.054711873394175012e-15,0.000000000000000000e+00,0.000000000000000000e+00
9.375000000000000000e+00,2.017877669627816228e+00,1.798109825838143784e-28,4.996003610812672937e-16,0.000000000000000000e+00
9.750000000000000000e+00,2.007749645322212118e+00,0.000000000000000000e+00,0.000000000000000000e+00,0.000000000000000000e+00
1.012500000000000000e+01,2.003109870961405026e+00,1.665334536940947447e-16,0.000000000000000000e+00,0.000000000000000000e+00
1.050000000000000000e+01,2.001155294045443789e+00,0.000000000000000000e+00,0.000000000000000000e+00,1.848892746611746419e-28
1.087500000000000000e+01,2.000397312587163245e+00,0.000000000000000000e+00,0.000000000000000000e+00,0.000000000000000000e+00
1.125000000000000000e+01,2.000126491614695023e+00,0.000000000000000000e+00,0.000000000000000000e+00,0.000000000000000000e+00
1.162500000000000000e+01,2.000037280417919838e+00,0.000000000000000000e+00,0.000000000000000000e+00,0.000000000000000000e+00
1.200000000000000000e+01,2.000010171603703757e+00,1.545249843704511805e-29,0.000000000000000000e+00,3.885780586188124805e-16
1.237500000000000000e+01,2.000002569139661457e+00,0.000000000000000000e+00,4.996003610812969746e-16,0.000000000000000000e+00
1.275000000000000000e+01,2.000000600724880062e+00,1.665334536938120366e-16,0.000000000000000000e+00,0.000000000000000000e+00
1.312500000000000000e+01,2.000000130032870249e+00,0.000000000000000000e+00,0.000000000000000000e+00,5.551115123125722305e-17
1.350000000000000000e+01,2.000000026056753200e+00,2.220446049251021577e-16,0.000000000000000000e+00,7.216449660063489903e-16
1.387500000000000000e+01,2.000000004833670797e+00,4.440892098501165545e-16,0.000000000000000000e+00,0.000000000000000000e+00
1.425000000000000000e+01,2.000000000830086666e+00,1.665334536938033345e-16,0.000000000000000000e+00,2.775557561562821340e-16
1.462500000000000000e+01,2.000000000131965106e+00,0.000000000000000000e+00,0.000000000000000000e+00,0.000000000000000000e+00
1.500000000000000000e+01,2.000000000019421798e+00,0.000000000000000000e+00,2.220446049250308644e-16,0.000000000000000000e+00
1.537500000000000000e+01,2.000000000002645884e+00,0.000000000000000000e+00,5.551115123125659443e-17,0.000000000000000000e+00
1.575000000000000000e+01,2.000000000000333955e+00,0.000000000000000000e+00,1.110223024625153705e-16,0.000000000000000000e+00
1.612500000000000000e+01,2.000000000000039080e+00,0.000000000000000000e+00,1.110223024625154568e-16,0.000000000000000000e+00
1.650000000000000000e+01,2.000000000000003997e+00,2.775557561562924385e-16,0.000000000000000000e+00,2.775557561562886421e-16
1.687500000000000000e+01,2.000000000000000444e+00,0.000000000000000000e+00,0.000000000000000000e+00,0.000000000000000000e+00
1.725000000000000000e+01,2.000000000000000000e+00,0.000000000000000000e+00,0.000000000000000000e+00,1.665334536937724950e-16
1.762500000000000000e+01,2.000000000000000000e+00,0.000000000000000000e+00,5.551115123125785167e-17,0.000000000000000000e+00
1.800000000000000000e+01,2.000000000000000000e+00,0.000000000000000000e+00,5.551115123125785167e-17,0.000000000000000000e+00
