switch_s,switch_i,terminal_s,terminal_i
9.797942254820012353e-01,2.670452647925793399e-01,4.058007031888123395e-01,1.348232024851213628e-01
9.690541674276852424e-01,2.649806626463413473e-01,4.064528680233111535e-01,1.346527825128833733e-01
9.585381334014547727e-01,2.629323093887867557e-01,4.071050328578100230e-01,1.344815901870297647e-01
9.482395430810548476e-01,2.608999168821501957e-01,4.077571976923088370e-01,1.343096279801367920e-01
9.381520600881957384e-01,2.588832037400119468e-01,4.084093625268077066e-01,1.341368983529257486e-01
9.282695811601801017e-01,2.568818951290838815e-01,4.090615273613065206e-01,1.339634037543395717e-01
9.185862258769957878e-01,2.548957225777408464e-01,4.097136921958053901e-01,1.337891466216174496e-01
9.090963269123095714e-01,2.529244237911414950e-01,4.103658570303042041e-01,1.336141293803692065e-01
8.997944207811034989e-01,2.509677424731704409e-01,4.110180218648030737e-01,1.334383544446492431e-01
8.906752390505197070e-01,2.490254281541207926e-01,4.116701866993018877e-01,1.332618242170300338e-01
8.817336999932361419e-01,2.470972360248387956e-01,4.123223515338007572e-01,1.330845410886747349e-01
8.729649006527134825e-01,2.451829267761407860e-01,4.129745163682995712e-01,1.329065074394089052e-01
8.643641093000820064e-01,2.432822664437812032e-01,4.136266812027984408e-01,1.327277256377928927e-01
8.559267582616225667e-01,2.413950262589012463e-01,4.142788460372972548e-01,1.325481980411918892e-01
8.476484370942419799e-01,2.395209825033972617e-01,4.149310108717961243e-01,1.323679269958470961e-01
8.395248860886609377e-01,2.376599163698125960e-01,4.155831757062949383e-01,1.321869148369452240e-01
8.315519900882945015e-01,2.358116138266286854e-01,4.162353405407938078e-01,1.320051638886878820e-01
8.237257725981389500e-01,2.339758654872343135e-01,4.168875053752926219e-01,1.318226764643605220e-01
8.160423901751947540e-01,2.321524664837137375e-01,4.175396702097914914e-01,1.316394548664006070e-01
8.084981270822059196e-01,2.303412163447189354e-01,4.181918350442903054e-01,1.314555013864653343e-01
8.010893901877755852e-01,2.285419188767238152e-01,4.188439998787891749e-01,1.312708183054984712e-01
7.938127041094669156e-01,2.267543820503314933e-01,4.194961647132879889e-01,1.310854078937980782e-01
7.866647065738026079e-01,2.249784178889626118e-01,4.201483295477868585e-01,1.308992724110812356e-01
7.796421439927553321e-01,2.232138423618833523e-01,4.208004943822856725e-01,1.307124141065507672e-01
7.727418672400016009e-01,2.214604752803804866e-01,4.214526592167845420e-01,1.305248352189600780e-01
7.659608276181749664e-01,2.197181401972599368e-01,4.221048240512833560e-01,1.303365379766774357e-01
7.592960730071195430e-01,2.179866643095086376e-01,4.227569888857822256e-01,1.301475245977505857e-01
7.527447441839181241e-01,2.162658783640025728e-01,4.234091537202810396e-01,1.299577972899700340e-01
7.463040713060020703e-01,2.145556165661533787e-01,4.240613185547799091e-01,1.297673582509326629e-01
7.399713705491063331e-01,2.128557164913788546e-01,4.247134833892787231e-01,1.295762096681034592e-01
7.337440408925445245e-01,2.111660189993448955e-01,4.253656482237775371e-01,1.293843537188792414e-01
7.276195610431442917e-01,2.094863681506000108e-01,4.260178130582764067e-01,1.291917925706482784e-01
7.215954864948320724e-01,2.078166111263126670e-01,4.266699778927752762e-01,1.289985283808536831e-01
7.156694467110072955e-01,2.061565981497195665e-01,4.273221427272740902e-01,1.288045632970526988e-01
7.098391424296512930e-01,2.045061824104530412e-01,4.279743075617729042e-01,1.286098994569775389e-01
7.041023430818865725e-01,2.028652199909572462e-01,4.286264723962717738e-01,1.284145389885948951e-01
6.984568843196204968e-01,2.012335697951508351e-01,4.292786372307706433e-01,1.282184840101658896e-01
6.929006656457753488e-01,1.996110934789844527e-01,4.299308020652694573e-01,1.280217366303049165e-01
6.874316481461558714e-01,1.979976553836781950e-01,4.305829668997682713e-01,1.278242989480375957e-01
6.820478523108544078e-01,1.963931224699719813e-01,4.312351317342671408e-01,1.276261730528589489e-01
6.767473559490380097e-01,1.947973642551012741e-01,4.318872965687660104e-01,1.274273610247915745e-01
6.715282921879888178e-01,1.932102527513749890e-01,4.325394614032648244e-01,1.272278649344426027e-01
6.663888475518215948e-01,1.916316624061450424e-01,4.331916262377636384e-01,1.270276868430597617e-01
6.613272601210442581e-01,1.900614700442073146e-01,4.338437910722625079e-01,1.268268288025884427e-01
6.563418177626541006e-01,1.884995548110739993e-01,4.344959559067613775e-01,1.266252928557276558e-01
6.514308564349290398e-01,1.869457981187569451e-01,4.351481207412601915e-01,1.264230810359849855e-01
6.465927585553730150e-01,1.854000835921275625e-01,4.358002855757590055e-01,1.262201953677316579e-01
6.418259514361998042e-01,1.838622970174871862e-01,4.364524504102578750e-01,1.260166378662577191e-01
6.371289057800632039e-01,1.823323262923010057e-01,4.371046152447567446e-01,1.258124105378259916e-01
6.325001342347652544e-01,1.808100613763845288e-01,4.377567800792555586e-01,1.256075153797258093e-01
6.279381900041037801e-01,1.792953942444466264e-01,4.384089449137543726e-01,1.254019543803265302e-01
6.234416655123818929e-01,1.777882188399456664e-01,4.390611097482532421e-01,1.251957295191303832e-01
6.190091911202194597e-01,1.762884310302176849e-01,4.397132745827521116e-01,1.249888427668255364e-01
6.146394338894189957e-01,1.747959285628331860e-01,4.403654394172509257e-01,1.247812960853382780e-01
6.103310963947464751e-01,1.733106110231429076e-01,4.410176042517497397e-01,1.245730914278841972e-01
6.060829155806138901e-01,1.718323797929803554e-01,4.416697690862486092e-01,1.243642307390206980e-01
6.018936616607057921e-01,1.703611380104751716e-01,4.423219339207474787e-01,1.241547159546972923e-01
5.977621370587357097e-01,1.688967905309513573e-01,4.429740987552462927e-01,1.239445490023067808e-01
5.936871753885624159e-01,1.674392438888694934e-01,4.436262635897451068e-01,1.237337318007354359e-01
5.896676404720082587e-01,1.659884062607836774e-01,4.442784284242439763e-01,1.235222662604128496e-01
5.857024253927908264e-01,1.645441874292820073e-01,4.449305932587428458e-01,1.233101542833620057e-01
5.817904515850520486e-01,1.631064987478774986e-01,4.455827580932416598e-01,1.230973977632480176e-01
5.779306679550400005e-01,1.616752531068220977e-01,4.462349229277404739e-01,1.228839985854272010e-01
5.741220500345709521e-01,1.602503648998142016e-01,4.468870877622393434e-01,1.226699586269958120e-01
5.703635991649695924e-01,1.588317499915755937e-01,4.475392525967382129e-01,1.224552797568380091e-01
5.666543417102194446e-01,1.574193256862665424e-01,4.481914174312370269e-01,1.222399638356737039e-01
5.629933282981348652e-01,1.560130106967149155e-01,4.488435822657358409e-01,1.220240127161061894e-01
5.593796330884354129e-01,1.546127251144395198e-01,4.494957471002347105e-01,1.218074282426691024e-01
5.558123530666051471e-01,1.532183903804364977e-01,4.501479119347335800e-01,1.215902122518732753e-01
5.522906073625298840e-01,1.518299292567130421e-01,4.508000767692323940e-01,1.213723665722532541e-01
5.488135365928904497e-01,1.504472657985385931e-01,4.514522416037312080e-01,1.211538930244133727e-01
5.453803022263999933e-01,1.490703253274009987e-01,4.521044064382300776e-01,1.209347934210736053e-01
5.419900859709437801e-01,1.476990344046372194e-01,4.527565712727289471e-01,1.207150695671149743e-01
5.386420891818026746e-01,1.463333208057300272e-01,4.534087361072277611e-01,1.204947232596245144e-01
5.353355322900824609e-01,1.449731134952390033e-01,4.540609009417265751e-01,1.202737562879405697e-01
5.320696542505992666e-01,1.436183426023552867e-01,4.547130657762254446e-01,1.200521704336967588e-01
5.288437120084672483e-01,1.422689393970650862e-01,4.553652306107243142e-01,1.198299674708661611e-01
5.256569799836158241e-01,1.409248362668893417e-01,4.560173954452231282e-01,1.196071491658058372e-01
5.225087495726286058e-01,1.395859666942048383e-01,4.566695602797219422e-01,1.193837172772995725e-01
5.193983286671257638e-01,1.382522652340990310e-01,4.573217251142208117e-01,1.191596735566012866e-01
5.163250411882721602e-01,1.369236674928041575e-01,4.579738899487196813e-01,1.189350197474785542e-01
5.132882266364472423e-01,1.356001101065900383e-01,4.586260547832184953e-01,1.187097575862544607e-01
5.102872396559302581e-01,1.342815307212290865e-01,4.592782196177173093e-01,1.184838888018501235e-01
5.073214496135256546e-01,1.329678679718659662e-01,4.599303844522161788e-01,1.182574151158269915e-01
5.043902401915889566e-01,1.316590614635698153e-01,4.605825492867150484e-01,1.180303382424281455e-01
5.014930089930839108e-01,1.303550517520088714e-01,4.612347141212138624e-01,1.178026598886202647e-01
4.986291671605334042e-01,1.290557803249256508e-01,4.618868789557126764e-01,1.175743817541341496e-01
4.957981390062344285e-01,1.277611895837626466e-01,4.625390437902115459e-01,1.173455055315058004e-01
4.929993616559468772e-01,1.264712228262224181e-01,4.631912086247104154e-01,1.171160329061171623e-01
4.902322847006450601e-01,1.251858242282464229e-01,4.638433734592092295e-01,1.168859655562362043e-01
4.874963698632053810e-01,1.239049388276031588e-01,4.644955382937080435e-01,1.166553051530567764e-01
4.847910906730761860e-01,1.226285125070947085e-01,4.651477031282069130e-01,1.164240533607386885e-01
4.821159321514149054e-01,1.213564919782298551e-01,4.657998679627057825e-01,1.161922118364466794e-01
4.794703905071885930e-01,1.200888247656268087e-01,4.664520327972045965e-01,1.159597822303897185e-01
4.768539728413933587e-01,1.188254591913653346e-01,4.671041976317034106e-01,1.157267661858603081e-01
4.742661968611467382e-01,1.175663443599213598e-01,4.677563624662022801e-01,1.154931653392723412e-01
4.717065906027470557e-01,1.163114301435008158e-01,4.684085273007011496e-01,1.152589813201999602e-01
4.691746921621149924e-01,1.150606671673556902e-01,4.690606921351999636e-01,1.150242157514155261e-01
