valid,R0,beta,gamma,c0,q0,N,eta,eta_frac,eta_percent,S0,I0,a,rho1,S_star,S_c,S_bar,t1,t2,Delta_t,S_end,t_end,q_max,q_mean,J_q,J,I_pre,I_wall,I_post,I_t_cum,Imax_pre,q_t2_error
1,4.35601312785388,0.155,0.3504,10,0.01526,763,1.526,0.002,0.2,762,1,0.909109697923758,159.239809237576,761.248604134197,175.160170000662,145.751705806452,0.360239320768623,152.417608104118,152.057368783349,161.306289722028,180.582058241729,0.773415379851331,0.388315495638908,57.6048876627541,60.8004719558768,0.693686931150926,159.547832020601,12.7898703365158,173.031389288267,300.380128899381,2.74086309204336e-16
1,4.35601312785388,0.155,0.3504,10,0.01526,763,1.6786,0.0022,0.22,762,1,0.909109697923758,159.239809237576,761.030572157275,175.160170000662,145.751705806452,0.441546128062291,138.659413199957,138.217867071895,159.483125626927,168.686879872663,0.773350464334821,0.388270629244166,52.3556812653838,55.254065939246,0.894973549625631,159.506032888699,14.4730112262558,174.874017664581,300.380128899381,2.74086309204336e-16
1,4.35601312785388,0.155,0.3504,10,0.01526,763,1.8312,0.0024,0.24,762,1,0.909109697923758,159.239809237576,760.81252150326,175.160170000662,145.751705806452,0.515801076618464,127.200743558164,126.684942481546,157.8675641567,158.556067324101,0.773285506046035,0.388225740209206,47.9813385726084,50.6320562222926,1.09627741075065,159.464227338943,15.9644938512893,176.524998600983,300.380128899381,2.74086309204336e-16
1,4.35601312785388,0.155,0.3504,10,0.01526,763,1.9838,0.0026,0.26,762,1,0.909109697923758,159.239809237576,760.594452156638,175.160170000662,145.751705806452,0.584134460666699,117.510442439383,116.926307978716,156.404288379935,149.83720565698,0.773220504938775,0.388180828512287,44.2799679573346,46.7211205793569,1.29759852884673,159.422415365616,17.3153866751755,178.035400569639,300.380128899381,2.74086309204336e-16
1,4.35601312785388,0.155,0.3504,10,0.01526,763,2.1364,0.0028,0.28,762,1,0.909109697923758,159.239809237576,760.376364101877,175.160170000662,145.751705806452,0.647424875806092,109.209183415216,108.56175853941,155.058894091237,142.258248792079,0.773155460966773,0.388135894131638,41.1073611144926,43.3688859921081,1.49893691825362,159.380596962996,18.5574515810254,179.436985462275,300.380128899381,2.74086309204336e-16
1,4.35601312785388,0.155,0.3504,10,0.01526,763,2.289,0.003,0.3,762,1,0.909109697923758,159.239809237576,760.158257323424,175.160170000662,145.751705806452,0.70636881498624,102.018845961008,101.312477146022,153.808255170506,135.609866984111,0.773090374083691,0.388090937045456,38.3577652870277,40.4636122471015,1.70029259332953,159.338772125349,19.7120385496036,180.751103268282,300.380128899381,2.74086309204336e-16
1,4.35601312785388,0.155,0.3504,10,0.01526,763,2.4416,0.0032,0.32,762,1,0.909109697923758,159.239809237576,759.940131805706,175.160170000662,145.751705806452,0.761527757449382,95.730878792791,94.9693510353416,152.635940313473,129.729777480683,0.773025244243119,0.388045957231908,35.9518659071459,37.9214941842512,1.90166556845241,159.296940846936,20.7943169231325,181.992923338521,300.380128899381,2.74086309204336e-16
1,4.35601312785388,0.155,0.3504,10,0.01526,763,2.5942,0.0034,0.34,762,1,0.909109697923758,159.239809237576,759.721987533128,175.160170000662,145.751705806452,0.813360956925197,90.1858314041862,89.372470447261,151.529778194361,124.490806916358,0.772960071398578,0.388000954669128,33.8290106582961,35.6784455046661,2.10305585801816,159.25510312201,21.8155232415113,183.173682221539,300.380128899381,2.74086309204336e-16
1,4.35601312785388,0.155,0.3504,10,0.01526,763,2.7468,0.0036,0.36,762,1,0.909109697923758,159.239809237576,759.503824490076,175.160170000662,145.751705806452,0.862248843683908,85.2597099675961,84.3974611239122,150.480455096996,119.792140906127,0.772894855503515,0.387955929335219,31.9420255164911,33.6846213092066,2.30446347644251,159.213258944814,22.784255906042,184.301978327299,300.380128899381,2.74086309204336e-16
1,4.35601312785388,0.155,0.3504,10,0.01526,763,2.8994,0.0038,0.38,762,1,0.909109697923758,159.239809237576,759.285642660914,175.160170000662,145.751705806452,0.908510090897797,80.8546429526073,79.9461328617095,149.480655556565,115.552953497156,0.772829596511307,0.387910881208252,30.2536678312124,31.9006703617082,2.50588843815978,159.171408309585,23.7072685369761,185.384565284721,300.380128899381,2.74086309204336e-16
1,4.35601312785388,0.155,0.3504,10,0.01526,763,3.052,0.004,0.4,762,1,0.909109697923758,159.239809237576,759.067442029987,175.160170000662,145.751705806452,0.952414298343017,76.8923477961221,75.9399334977791,148.524509209228,111.707747849244,0.772764294375259,0.387865810266268,28.7341434820425,30.2951116732375,2.70733075762389,159.12955121055,24.5899806406772,186.426862608851,300.380128899381,2.74086309204336e-16
1,4.35601312785388,0.155,0.3504,10,0.01526,763,3.2046,0.0042,0.42,762,1,0.909109697923758,159.239809237576,758.849222581617,175.160170000662,145.751705806452,0.994191578283812,73.3094647642636,72.3152731859798,147.607220198819,108.202917435392,0.772698949048604,0.387820716487274,27.3593334191173,28.8424606337039,2.90879044930758,159.08768764193,25.4368197405014,187.433297831739,300.380128899381,2.74086309204336e-16
1,4.35601312785388,0.155,0.3504,10,0.01526,763,3.3572,0.0044,0.44,762,1,0.909109697923758,159.239809237576,758.630984300107,175.160170000662,145.751705806452,1.03403990932991,70.0541637797031,69.0201238703732,146.724810495228,104.994180654019,0.772633560484504,0.387775599849247,26.1095038743642,27.5218661984862,3.11026752770255,159.045817597936,26.2514583446784,188.407543470317,300.380128899381,2.74086309204336e-16
1,4.35601312785388,0.155,0.3504,10,0.01526,763,3.5098,0.0046,0.46,762,1,0.909109697923758,159.239809237576,758.412727169739,175.160170000662,145.751705806452,1.0721308542738,67.0836367068444,66.0115058525706,145.873937046379,102.044645547174,0.772568128636049,0.38773046033013,24.9683530393729,26.3161035915915,3.31176200731996,159.003941072773,27.0369827511754,189.352685831268,300.380128899381,2.74086309204336e-16
1,4.35601312785388,0.155,0.3504,10,0.01526,763,3.6624,0.0048,0.48,762,1,0.909109697923758,159.239809237576,758.194451174774,175.160170000662,145.751705806452,1.10861406012566,64.3622167773691,63.2536027172434,145.051758355368,99.3233337087107,0.772502653456256,0.387685297907837,23.9222960737995,25.2108188330242,3.51327390269024,158.962058060635,27.7960162233864,190.271348186711,300.380128899381,2.74086309204336e-16
1,4.35601312785388,0.155,0.3504,10,0.01526,763,3.815,0.005,0.5,762,1,0.909109697923758,159.239809237576,757.976156299451,175.160170000662,145.751705806452,1.14362083891651,61.8599495144281,60.7163286755115,144.255835073257,96.8040424532779,0.77243713489807,0.387640112560247,22.9599217117533,24.1939545795868,3.71480322836317,158.92016855571,28.5308107626256,191.165782546699,300.380128899381,2.74086309204336e-16
1,4.35601312785388,0.155,0.3504,10,0.01526,763,3.9676,0.0052,0.52,762,1,0.909109697923758,159.239809237576,757.75784252799,175.160170000662,145.751705806452,1.1772670457811,59.5514935671763,58.3742265213952,143.484054573191,94.4644588752228,0.772371572914364,0.387594904265209,22.0715742667093,23.2553084639568,3.91634999890728,158.878272552178,29.2433167411353,192.03793929222,300.380128899381,2.74086309204336e-16
1,4.35601312785388,0.155,0.3504,10,0.01526,763,4.1202,0.0054,0.54,762,1,0.909109697923758,159.239809237576,757.539509844588,175.160170000662,145.751705806452,1.20965541357737,57.4152659004109,56.2056104868335,142.734572792626,92.2854634694584,0.772305967457938,0.387549673000539,21.2490285242185,22.3861895806359,4.11791422891128,158.836370044209,29.9352365932074,192.889520866328,300.380128899381,2.74086309204336e-16
1,4.35601312785388,0.155,0.3504,10,0.01526,763,4.2728,0.0056,0.56,762,1,0.909109697923758,159.239809237576,757.321158233424,175.160170000662,145.751705806452,1.24087746271895,55.4327702333464,54.1918927706275,142.005768744439,90.2505778604344,0.772240318481519,0.387504418744022,20.4852343004657,21.5791485820531,4.31949593298244,158.794461025968,30.6080668104143,193.722023769365,300.380128899381,2.74086309204336e-16
1,4.35601312785388,0.155,0.3504,10,0.01526,763,4.4254,0.0058,0.58,762,1,0.909109697923758,159.239809237576,757.102787678652,175.160170000662,145.751705806452,1.27101507572265,53.5880644819453,52.3170494062227,141.296208478903,88.3455231445996,0.772174625937763,0.387459141473409,19.7741138507809,20.8277636168528,4.52109512574808,158.752545491608,31.2631312118405,194.536771829196,300.380128899381,2.74086309204336e-16
1,4.35601312785388,0.155,0.3504,10,0.01526,763,4.578,0.006,0.6,762,1,0.909109697923758,159.239809237576,756.884398164408,175.160170000662,145.751705806452,1.30014180471504,51.8673347606497,50.5671929559347,140.60461620204,86.5578639146423,0.772108889779249,0.38741384116642,19.1103997964484,20.1264690805255,4.72271182185464,158.710623435275,31.9016076075447,195.334942864675,300.380128899381,2.74086309204336e-16
1,4.35601312785388,0.155,0.3504,10,0.01526,763,4.7306,0.0062,0.62,762,1,0.909109697923758,159.239809237576,756.665989674806,175.160170000662,145.751705806452,1.32832396446778,50.2585518739866,48.9302279095188,139.929850886555,84.8767192273207,0.772043109958488,0.387368517800741,18.4895044205206,19.470417511078,4.92434603596806,158.668694851109,32.5245493912941,196.117590278371,300.380128899381,2.74086309204336e-16
1,4.35601312785388,0.155,0.3504,10,0.01526,763,4.8832,0.0064,0.64,762,1,0.909109697923758,159.239809237576,756.447562193939,175.160170000662,145.751705806452,1.35562155184,48.7511922473476,47.3955706955076,139.270887150233,83.2925263012548,0.771977286427914,0.387323171354029,17.907413470667,18.8553673792652,5.1259977827739,158.62675973324,33.1329031935882,196.885660709602,300.380128899381,2.74086309204336e-16
1,4.35601312785388,0.155,0.3504,10,0.01526,763,5.0358,0.0066,0.66,762,1,0.909109697923758,159.239809237576,756.229115705878,175.160170000662,145.751705806452,1.38208902369509,47.3360096232728,45.9539205995777,138.62679948706,81.7968460684106,0.771911419139887,0.387277801803905,17.3605992705953,18.277591280598,5.32766707697706,158.584818075788,33.7275234394434,197.640008592209,300.380128899381,2.74086309204336e-16
1,4.35601312785388,0.155,0.3504,10,0.01526,763,5.1884,0.0068,0.68,762,1,0.909109697923758,159.239809237576,756.010650194673,175.160170000662,145.751705806452,1.40777595865467,46.0048470677422,44.5970711090876,137.996749159462,80.3822021872269,0.771845508046697,0.387232409127958,16.8459491647523,17.7338003287612,5.52935393330257,158.542869872868,34.3091844494556,198.381408255627,300.380128899381,2.74086309204336e-16
1,4.35601312785388,0.155,0.3504,10,0.01526,763,5.341,0.007,0.7,762,1,0.909109697923758,159.239809237576,755.792165644355,175.160170000662,145.751705806452,1.43272762290225,44.750481221454,43.3177535985517,137.379973222524,79.0419469911427,0.771779553100558,0.387186993303747,16.3607062296463,17.2210815101605,5.73105836649426,158.500915118586,34.8785905726113,199.110564057691,300.380128899381,2.74086309204336e-16
1,4.35601312785388,0.155,0.3504,10,0.01526,763,5.4936,0.0072,0.72,762,1,0.909109697923758,159.239809237576,755.573662038929,175.160170000662,145.751705806452,1.45698545626262,43.566492523798,42.1095070675354,136.775775271122,77.77014925919,0.77171355425361,0.387141554308795,15.9024198666168,16.7368454793776,5.93278039131641,158.458953807037,35.436384728515,199.828118926868,300.380128899381,2.74086309204336e-16
1,4.35601312785388,0.155,0.3504,10,0.01526,763,5.6462,0.0074,0.74,762,1,0.909109697923758,159.239809237576,755.355139362384,175.160170000662,145.751705806452,1.48058749166759,42.4471564938019,40.9665690021343,136.183517590514,76.5614997740797,0.771647511457918,0.387096092120595,15.4689044065868,16.2787828202279,6.13452002255232,158.41698593231,35.9831556539477,200.53466160881,300.380128899381,2.74086309204336e-16
1,4.35601312785388,0.155,0.3504,10,0.01526,763,5.7988,0.0076,0.76,762,1,0.909109697923758,159.239809237576,755.136597598684,175.160170000662,145.751705806452,1.50356871867211,41.3873521875244,39.8837834688523,135.602614458668,75.4112314628641,0.771581424665476,0.387050606716605,15.0582042509071,15.8448272129662,6.33627727500573,158.375011488486,36.5194440861383,201.23073284963,300.380128899381,2.74086309204336e-16
1,4.35601312785388,0.155,0.3504,10,0.01526,763,5.9514,0.0078,0.78,762,1,0.909109697923758,159.239809237576,754.918036731773,175.160170000662,145.751705806452,1.52596139974297,40.3824847476252,38.8565233478822,135.032526400305,74.3150515582152,0.7715152938282,0.387005098074251,14.6685643751476,15.4331242680767,6.5380521634996,158.333030469636,37.0457480674218,201.916830700558,300.380128899381,2.74086309204336e-16
1,4.35601312785388,0.155,0.3504,10,0.01526,763,6.104,0.008,0.8,762,1,0.909109697923758,159.239809237576,754.699456745573,175.160170000662,145.751705806452,1.5477953464976,39.4284195778924,37.8806242313948,134.472755232384,73.269083719904,0.771449118897934,0.386959566170926,14.29840525732,15.0420050349941,6.73984470287695,158.291042869825,37.5625275192315,202.593415091933,300.380128899381,2.74086309204336e-16
1,4.35601312785388,0.155,0.3504,10,0.01526,763,6.2566,0.0082,0.82,762,1,0.909109697923758,159.239809237576,754.480857623985,175.160170000662,145.751705806452,1.56909816182803,38.5214261570768,36.9523279952487,133.922839771782,72.2698184498813,0.771382899826446,0.386914010983991,13.9463014751409,14.6699633875979,6.94165490800061,158.249048683106,38.0702082047637,203.260911795871,300.380128899381,2.74086309204336e-16
1,4.35601312785388,0.155,0.3504,10,0.01526,763,6.4092,0.0084,0.84,762,1,0.909109697923758,159.239809237576,754.262239350888,175.160170000662,145.751705806452,1.58989545284421,37.6581298847292,36.068234431885,133.382352100073,71.3140704456157,0.77131663656543,0.386868432490773,13.6109633608287,14.3156366403496,7.14348279375294,158.207047903528,38.5691851773236,203.919715874604,300.380128899381,2.74086309204336e-16
1,4.35601312785388,0.155,0.3504,10,0.01526,763,6.5618,0.0086,0.86,762,1,0.909109697923758,159.239809237576,754.04360191014,175.160170000662,145.751705806452,1.61021101875799,36.8354706508774,35.2252596321194,132.850894299529,70.3989417836787,0.771250329066505,0.386822830668565,13.291221215697,13.9777888691552,7.34532837503658,158.165040525127,39.0598257936404,204.570194693804,300.380128899381,2.74086309204336e-16
1,4.35601312785388,0.155,0.3504,10,0.01526,763,6.7144,0.0088,0.88,762,1,0.909109697923758,159.239809237576,753.824945285577,175.160170000662,145.751705806452,1.63006701716505,36.0506670593107,34.4206000421457,132.328095589653,69.5217900233318,0.771183977281215,0.386777205494628,12.9860116773019,13.6552965066556,7.54719166677471,158.123026541934,39.5424723574146,205.212690566123,300.380128899381,2.74086309204336e-16
1,4.35601312785388,0.155,0.3504,10,0.01526,763,6.867,0.009,0.9,762,1,0.909109697923758,159.239809237576,753.606269461012,175.160170000662,145.751705806452,1.64948411163831,35.3011854245761,33.6517013129378,131.813609805764,68.6802004787663,0.771117581161027,0.386731556946191,12.6943659043049,13.3471358581454,7.74907268390941,158.08100594797,40.0174444470803,205.84752307896,300.380128899381,2.74086309204336e-16
1,4.35601312785388,0.155,0.3504,10,0.01526,763,7.0196,0.0092,0.92,762,1,0.909109697923758,159.239809237576,753.387574420239,175.160170000662,145.751705806452,1.66848160309847,34.5847128158723,32.9162312127738,131.307113170997,67.8719620370311,0.771051140657334,0.386685885000446,12.4153993024391,13.052372245849,7.95097144140335,158.038978737248,40.485040972693,206.474991151345,300.380128899381,2.74086309204336e-16
1,4.35601312785388,0.155,0.3504,10,0.01526,763,7.1722,0.0094,0.94,762,1,0.909109697923758,159.239809237576,753.168860147029,175.160170000662,145.751705806452,1.68707754705495,33.8991335447906,32.2120559977357,130.808302321021,67.0950460029425,0.770984655721454,0.386640189634556,12.148302562055,12.770150539035,8.1528879542388,157.996944903773,40.9455419995052,207.095374857517,300.380128899381,2.74086309204336e-16
1,4.35601312785388,0.155,0.3504,10,0.01526,763,7.3248,0.0096,0.96,762,1,0.909109697923758,159.239809237576,752.95012662513,175.160170000662,145.751705806452,1.70528885850295,33.2425085943989,31.5372197358959,130.316892547305,66.3475875372222,0.770918126304629,0.386594470825646,11.8923338159728,12.4996868678652,8.35482223741893,157.95490444154,41.3992103697749,207.708937048734,300.380128899381,2.74086309204336e-16
1,4.35601312785388,0.155,0.3504,10,0.01526,763,7.4774,0.0098,0.98,762,1,0.909109697923758,159.239809237576,752.731373838271,175.160170000662,145.751705806452,1.72313140600382,32.6130575692412,30.8899261632373,129.832616230097,65.6278693238163,0.770851552358024,0.386548728550812,11.6468117575978,12.2402613518756,8.55677430596664,157.912857344537,41.8462931494416,208.315924799946,300.380128899381,2.74086309204336e-16
1,4.35601312785388,0.155,0.3504,10,0.01526,763,7.63,0.01,1,762,1,0.909109697923758,159.239809237576,752.512601770157,175.160170000662,145.751705806452,1.74062009626042,32.0091428131222,30.2685227168618,129.355221436648,64.9343071595972,0.770784933832729,0.386502962787113,11.4111095848618,11.9912117010384,8.75874417492467,157.870803606743,42.287022922237,208.916570703904,300.380128899381,2.74086309204336e-16
1,4.35601312785388,0.155,0.3504,10,0.01526,763,7.7826,0.0102,1.02,762,1,0.909109697923758,159.239809237576,752.29381040447,175.160170000662,145.751705806452,1.75776895031691,31.4292553969621,29.6714864466452,128.884470663884,64.2654372070944,0.770718270679758,0.386457173511576,11.1846496566421,11.751927569641,8.96073185935644,157.828743222127,42.7216189504529,209.511094031936,300.380128899381,2.74086309204336e-16
1,4.35601312785388,0.155,0.3504,10,0.01526,763,7.9352,0.0104,1.04,762,1,0.909109697923758,159.239809237576,752.074999724874,175.160170000662,145.751705806452,1.77459117235908,30.8720027248299,29.0974115524708,128.420139707727,63.6199046900868,0.770651562850046,0.386411360701193,10.9668987657475,11.5218455616402,9.1627373743456,157.786676184651,43.1502882187754,210.099701777772,300.380128899381,2.74086309204336e-16
1,4.35601312785388,0.155,0.3504,10,0.01526,763,8.0878,0.0106,1.06,762,1,0.909109697923758,159.239809237576,751.856169715007,175.160170000662,145.751705806452,1.79109921196089,30.3360975443027,28.5449983323418,127.962016643833,62.9964538446882,0.770584810294457,0.386365524332924,10.757363947038,11.3004448014485,9.36476073499567,157.74460248827,43.5732263752727,210.682589598538,300.380128899381,2.74086309204336e-16
1,4.35601312785388,0.155,0.3504,10,0.01526,763,8.2404,0.0108,1.08,762,1,0.909109697923758,159.239809237576,751.637320358488,175.160170000662,145.751705806452,1.80730482051274,29.8203481789939,28.0130433584812,127.50990090659,62.39391896584,0.770518012963772,0.386319664383695,10.5555887513089,11.0872429968543,9.56680195643114,157.702522126926,43.9906185816537,211.259942665011,300.380128899381,2.74086309204336e-16
1,4.35601312785388,0.155,0.3504,10,0.01526,763,8.393,0.011,1.1,762,1,0.909109697923758,159.239809237576,751.418451638911,175.160170000662,145.751705806452,1.82321910247159,29.3236498276015,27.5004307251299,127.06360245507,61.8112164120845,0.7704511708087,0.386273780830396,10.3611499256604,10.8817929314427,9.76886105379614,157.660435094556,44.4026402832647,211.831936431617,300.380128899381,2.74086309204336e-16
1,4.35601312785388,0.155,0.3504,10,0.01526,763,8.5456,0.0112,1.12,762,1,0.909109697923758,159.239809237576,751.199563539851,175.160170000662,145.751705806452,1.83885256199355,28.8449767960748,27.0061242340813,126.622941016093,61.2473374507923,0.77038428377987,0.386227873649885,10.1736544495418,10.6836793328276,9.97093804225578,157.618341385087,44.8094579078922,212.398737335235,300.380128899381,2.74086309204336e-16
1,4.35601312785388,0.155,0.3504,10,0.01526,763,8.6982,0.0114,1.14,762,1,0.909109697923758,159.239809237576,750.980656044858,175.160170000662,145.751705806452,1.85421514543871,28.3833755482287,26.52916040279,126.18774539585,60.701341842301,0.770317351827837,0.386181942818984,9.99273688279073,10.4925160705443,10.1730329369954,157.576240992438,45.2112295012638,212.960503430697,300.380128899381,2.74086309204336e-16
1,4.35601312785388,0.155,0.3504,10,0.01526,763,8.8508,0.0116,1.16,762,1,0.909109697923758,159.239809237576,750.761729137463,175.160170000662,145.751705806452,1.86931628017941,27.9379584759604,26.068642195781,125.757852852684,60.1723520752352,0.770250374903074,0.386135988314485,9.81805698801406,10.3079436438147,10.3751457532208,157.534133910519,45.6081053061029,213.517384969842,300.380128899381,2.74086309204336e-16
1,4.35601312785388,0.155,0.3504,10,0.01526,763,9.0034,0.0118,1.18,762,1,0.909109697923758,159.239809237576,750.542782801171,175.160170000662,145.751705806452,1.88416491009114,27.5078983036328,25.6237333935416,125.333108524477,59.6595481769586,0.770183352955982,0.38609001011314,9.64929759475948,10.1296269247939,10.5772765061583,157.49202013323,46.0002282907594,214.069524930148,300.380128899381,2.74086309204336e-16
1,4.35601312785388,0.155,0.3504,10,0.01526,763,9.156,0.012,1.2,762,1,0.909109697923758,159.239809237576,750.323817019468,175.160170000662,145.751705806452,1.89876952806049,27.0924230525852,25.1936535245247,124.91336490497,59.1621630331997,0.770116285936881,0.386044008191671,9.48616267727066,9.95725312749309,10.7794252110549,157.449899654464,46.387734632673,214.617059498192,300.380128899381,2.74086309204336e-16
1,4.35601312785388,0.155,0.3504,10,0.01526,763,9.3086,0.0122,1.22,762,1,0.909109697923758,159.239809237576,750.104831775816,175.160170000662,145.751705806452,1.91313820580603,26.6908115014495,24.7776732956434,124.498481363982,58.6794781592957,0.770049173796013,0.385997982526766,9.32837562131544,9.79052997647922,10.9815918831778,157.407772468106,46.7707541613008,215.160118512584,300.380128899381,2.74086309204336e-16
1,4.35601312785388,0.155,0.3504,10,0.01526,763,9.4612,0.0124,1.24,762,1,0.909109697923758,159.239809237576,749.885827053654,175.160170000662,145.751705806452,1.92727862127464,26.3023890862505,24.3751104649758,124.088323707132,58.2108198729194,0.769982016483544,0.385951933095074,9.17567765874023,9.6291840527983,11.1837765378155,157.365638568029,47.149410764587,215.698825870432,300.380128899381,2.74086309204336e-16
1,4.35601312785388,0.155,0.3504,10,0.01526,763,9.6138,0.0126,1.26,762,1,0.909109697923758,159.239809237576,749.666802836402,175.160170000662,145.751705806452,1.94119808384557,25.9265241913912,23.9853261075456,123.682763771139,57.7555558243771,0.769914813949561,0.385905859873215,9.02782645111471,9.47295929742936,11.3859791902767,157.323497948101,47.5238227625768,216.233299900954,300.380128899381,2.74086309204336e-16
1,4.35601312785388,0.155,0.3504,10,0.01526,763,9.7664,0.0128,1.28,762,1,0.909109697923758,159.239809237576,749.447759107453,175.160170000662,145.751705806452,1.95490355754982,25.5626247887354,23.6077212311856,123.281679051268,57.313091845989,0.769847566144072,0.38585976283777,8.88459480615957,9.32161565503964,11.5881998558907,157.281350602179,47.8941032513594,216.763653709429,300.380128899381,2.74086309204336e-16
1,4.35601312785388,0.155,0.3504,10,0.01526,763,9.919,0.013,1.3,762,1,0.909109697923758,159.239809237576,749.228695850181,175.160170000662,145.751705806452,1.96840168248929,25.2101353872726,23.2417337047833,122.884952357841,56.8828690867549,0.769780273017008,0.38581364196529,8.74576951265805,9.17492784293168,11.7904385500077,157.239196524111,48.2603604201756,217.289995494294,300.380128899381,2.74086309204336e-16
1,4.35601312785388,0.155,0.3504,10,0.01526,763,10.0716,0.0132,1.32,762,1,0.909109697923758,159.239809237576,749.009613047935,175.160170000662,145.751705806452,1.98169879462079,24.8685342603975,22.8868354657767,122.492471499095,56.4643614025073,0.769712934518221,0.385767497232286,8.61115028128447,9.03268423190426,11.992695287999,157.197035707737,48.6226978442016,217.812428839937,300.380128899381,2.74086309204336e-16
1,4.35601312785388,0.155,0.3504,10,0.01526,763,10.2242,0.0134,1.34,762,1,0.909109697923758,159.239809237576,748.790510684045,175.160170000662,145.751705806452,1.99480094405215,24.5373309217773,22.5425299777252,122.104128987962,56.0570729753038,0.769645550597484,0.38572132861524,8.48054878028408,8.8946858273348,12.1949700852563,157.154868146889,48.9812147552509,218.331052987396,300.380128899381,2.74086309204336e-16
1,4.35601312785388,0.155,0.3504,10,0.01526,763,10.3768,0.0136,1.36,762,1,0.909109697923758,159.239809237576,748.571388741813,175.160170000662,145.751705806452,2.00771391198315,24.2160638241953,22.2083499122121,121.719821770594,55.660536138829,0.769578121204492,0.385675136090594,8.35378775623981,8.76074534016619,12.3972629571925,157.112693835388,49.3360062923997,218.84596308498,300.380128899381,2.74086309204336e-16
1,4.35601312785388,0.155,0.3504,10,0.01526,763,10.5294,0.0138,1.38,762,1,0.909109697923758,159.239809237576,748.352247204524,175.160170000662,145.751705806452,2.02044322640948,23.9042982587313,21.8838550323218,121.339450974697,55.2743093892313,0.769510646288858,0.385628919634758,8.23070023129426,8.63068633867747,12.5995739192408,157.070512767048,49.6871637343201,219.357250420609,300.380128899381,2.74086309204336e-16
1,4.35601312785388,0.155,0.3504,10,0.01526,763,10.682,0.014,1.4,762,1,0.909109697923758,159.239809237576,748.133086055437,175.160170000662,145.751705806452,2.03299417669707,23.601624434229,21.5686302575319,120.962921675944,54.8979755631659,0.76944312580012,0.385582679224108,8.11112876918109,8.50434247295971,12.801902986856,157.028324935673,50.0347747149325,219.865002637462,300.380128899381,2.74086309204336e-16
1,4.35601312785388,0.155,0.3504,10,0.01526,763,10.8346,0.0142,1.42,762,1,0.909109697923758,159.239809237576,747.913905277788,175.160170000662,145.751705806452,2.04537182712254,23.3076557192592,21.2622838921366,120.590142680892,54.5311401668099,0.769375559687733,0.385536414834981,7.99492480328199,8.38155676492936,13.0042501755137,156.98613033506,50.3789234238147,220.369303934388,300.380128899381,2.74086309204336e-16
1,4.35601312785388,0.155,0.3504,10,0.01526,763,10.9872,0.0144,1.44,762,1,0.909109697923758,159.239809237576,747.694704854793,175.160170000662,145.751705806452,2.05758102946658,23.0220270307675,20.9644460013009,120.221026325001,54.1734298414075,0.769307947901076,0.385490126443683,7.88194802067896,8.26218095750697,13.2066155007106,156.943928958994,50.7196907926657,220.87023525237,300.380128899381,2.74086309204336e-16
1,4.35601312785388,0.155,0.3504,10,0.01526,763,11.1398,0.0146,1.46,762,1,0.909109697923758,159.239809237576,747.475484769641,175.160170000662,145.751705806452,2.06962643473889,22.7443933553291,20.6747669205902,119.85548828451,53.8244909524705,0.769240290389445,0.385443814026482,7.7720657968323,8.14607491728816,13.4089989779641,156.901720801253,51.0571546689892,221.367874448206,300.380128899381,2.74086309204336e-16
1,4.35601312785388,0.155,0.3504,10,0.01526,763,11.2924,0.0148,1.48,762,1,0.909109697923758,159.239809237576,747.256245005503,175.160170000662,145.751705806452,2.0815125041054,22.4744283904538,20.3929158863484,119.493447400992,53.4839882911131,0.769172587102057,0.385397477559614,7.66515267609561,8.03310608564668,13.6114006228128,156.859505855606,51.3913899780564,221.862296456475,300.380128899381,2.74086309204336e-16
1,4.35601312785388,0.155,0.3504,10,0.01526,763,11.445,0.015,1.5,762,1,0.909109697923758,159.239809237576,747.036985545524,175.160170000662,145.751705806452,2.09324351908195,22.2118232947283,20.1185797756463,119.134825517596,53.1516038772356,0.769104837988051,0.385351117019276,7.56108989378959,7.92314897374917,13.8138204508168,156.817284115813,51.7224688740931,222.353573440723,300.380128899381,2.74086309204336e-16
1,4.35601312785388,0.155,0.3504,10,0.01526,763,11.5976,0.0152,1.52,762,1,0.909109697923758,159.239809237576,746.817706372827,175.160170000662,145.751705806452,2.10482359105297,21.9562855367601,19.8514619457071,118.779547326003,52.8270358553232,0.769037042996484,0.385304732381632,7.45976493600681,7.8160846974372,14.0162584775569,156.775055575625,52.0504608815648,222.841774934746,300.380128899381,2.74086309204336e-16
1,4.35601312785388,0.155,0.3504,10,0.01526,763,11.7502,0.0154,1.54,762,1,0.909109697923758,159.239809237576,746.59840747051,175.160170000662,145.751705806452,2.11625667016783,21.7075378339348,19.591281163767,118.427540223285,52.5099974745703,0.768969202076332,0.38525832362281,7.36107113371745,7.71180054835232,14.2187147186357,156.732820228783,52.3754330273287,223.326967974747,300.380128899381,2.74086309204336e-16
1,4.35601312785388,0.155,0.3504,10,0.01526,763,11.9028,0.0156,1.56,762,1,0.909109697923758,159.239809237576,746.379088821652,175.160170000662,145.751705806452,2.12754655366334,21.4653171729168,19.3377706192534,118.078734177863,52.2002161459017,0.768901315176493,0.385211890718902,7.26490728809761,7.61018959805139,14.4211891896766,156.69057806902,52.6974499643752,223.809217223072,300.380128899381,2.74086309204336e-16
1,4.35601312785388,0.155,0.3504,10,0.01526,763,12.0554,0.0158,1.58,762,1,0.909109697923758,159.239809237576,746.159750409305,175.160170000662,145.751705806452,2.1386968936559,21.2293739046445,19.0906770109886,117.733061603899,51.8974325691617,0.768833382245781,0.385165433645966,7.17117732431383,7.51115033218919,14.6236819063241,156.64832909006,53.0165740877956,224.28858508418,300.380128899381,2.74086309204336e-16
1,4.35601312785388,0.155,0.3504,10,0.01526,763,12.208,0.016,1.6,762,1,0.909109697923758,159.239809237576,745.940392216501,175.160170000662,145.751705806452,2.1497112044438,20.9994709072958,18.849759702852,117.390457243453,51.6013999244579,0.768765403232931,0.385118952380022,7.07978997127362,7.41458631213728,14.8261928842448,156.606073285618,53.3328656435693,224.765131813432,300.380128899381,2.74086309204336e-16
1,4.35601312785388,0.155,0.3504,10,0.01526,763,12.3606,0.0162,1.62,762,1,0.909109697923758,159.239809237576,745.721014226246,175.160170000662,145.751705806452,2.16059286935568,20.7753828113424,18.6147899419867,117.050858055845,51.3118831221947,0.768697378086599,0.385072446897056,6.99065846509823,7.32040586166816,15.028722139126,156.563810649399,53.6463828307059,225.238915619231,300.380128899381,2.74086309204336e-16
1,4.35601312785388,0.155,0.3504,10,0.01526,763,12.5132,0.0164,1.64,762,1,0.909109697923758,159.239809237576,745.501616421525,175.160170000662,145.751705806452,2.17134514717895,20.5568952813895,18.3855501342106,116.714203113688,51.0286581068657,0.768629306755355,0.385025917173019,6.9037002742926,7.22852177656499,15.2312696866768,156.5215411751,53.9571818972304,225.709992759007,300.380128899381,2.74086309204336e-16
1,4.35601312785388,0.155,0.3504,10,0.01526,763,12.6658,0.0166,1.66,762,1,0.909109697923758,159.239809237576,745.282198785298,175.160170000662,145.751705806452,2.18197117819853,20.3438043500049,18.1618331718064,116.380433505097,50.751511210144,0.768561189187692,0.384979363183822,6.81883684478245,7.13885105522329,15.4338355426273,156.479264856408,54.2653172304576,226.178417629493,300.380128899381,2.74086309204336e-16
1,4.35601312785388,0.155,0.3504,10,0.01526,763,12.8184,0.0168,1.68,762,1,0.909109697923758,159.239809237576,745.062761300505,175.160170000662,145.751705806452,2.19247398987399,20.1359157992016,17.9434418093276,116.049492241647,50.4802385492452,0.768493025332019,0.384932784905346,6.73599336316303,7.05131464849553,15.6364197227294,156.436981687001,54.5708414419706,226.644242851701,300.380128899381,2.74086309204336e-16
1,4.35601312785388,0.155,0.3504,10,0.01526,763,12.971,0.017,1.7,762,1,0.909109697923758,159.239809237576,744.843303950058,175.160170000662,145.751705806452,2.20285650218075,19.9330445856459,17.7301880834652,115.72132417166,50.2146454668762,0.768424815136665,0.384886182313432,6.65509853665976,6.96583722719357,15.839022242757,156.394691660549,54.8738054476721,227.107519350979,300.380128899381,2.74086309204336e-16
1,4.35601312785388,0.155,0.3504,10,0.01526,763,13.1236,0.0172,1.72,762,1,0.909109697923758,159.239809237576,744.623826716849,175.160170000662,145.751705806452,2.21312153263877,19.7350143060267,17.5218927733879,115.395875898448,49.9545460094615,0.768356558549876,0.384839555383885,6.57608438844042,6.88234696581203,16.0416431185048,156.352394770712,55.1742585432599,227.568296432477,300.380128899381,2.74086309204336e-16
1,4.35601312785388,0.155,0.3504,10,0.01526,763,13.2762,0.0174,1.74,762,1,0.909109697923758,159.239809237576,744.404329583745,175.160170000662,145.751705806452,2.2232718010508,19.5416566993524,17.3183848983016,115.073095703189,49.699762440593,0.768288255519816,0.384792904092475,6.49888606704375,6.80077534116716,16.2442823657896,156.31009101114,55.4722484754332,228.026621852363,300.380128899381,2.74086309204336e-16
1,4.35601312785388,0.155,0.3504,10,0.01526,763,13.4288,0.0176,1.76,762,1,0.909109697923758,159.239809237576,744.184812533591,175.160170000662,145.751705806452,2.23330993396955,19.3528111832343,17.1195012492647,114.752933472087,49.4501247869757,0.768219905994566,0.384746228414937,6.42344166880154,6.72105694476496,16.4469400004493,156.267780375475,55.767821509131,228.482541885055,300.380128899381,2.74086309204336e-16
1,4.35601312785388,0.155,0.3504,10,0.01526,763,13.5814,0.0178,1.78,762,1,0.909109697923758,159.239809237576,743.965275549206,175.160170000662,145.751705806452,2.24323846891282,19.1683244214807,16.9250859525679,114.435340627563,49.205470414339,0.768151509922128,0.384699528326967,6.34969207223231,6.64312930781858,16.6496160383445,156.225462857349,56.0610224910636,228.936101386757,300.380128899381,2.74086309204336e-16
1,4.35601312785388,0.155,0.3504,10,0.01526,763,13.734,0.018,1.8,762,1,0.909109697923758,159.239809237576,743.745718613389,175.160170000662,145.751705806452,2.25305985834274,18.9880499205633,16.7349900622206,114.120270063181,48.9656436310233,0.768083067250417,0.384652803804226,6.27758078347533,6.56693273793128,16.8523104953565,156.183138450385,56.3518949097824,229.387343855524,300.380128899381,2.74086309204336e-16
1,4.35601312785388,0.155,0.3504,10,0.01526,763,13.8866,0.0182,1.82,762,1,0.909109697923758,159.239809237576,743.526141708912,175.160170000662,145.751705806452,2.26277647342543,18.8118476527329,16.5490711793075,113.807676082082,48.73049531716,0.768014577927268,0.384606054822338,6.20705379191592,6.49241016654751,17.0550233873891,156.140807148198,56.6404809525249,229.836311488112,300.380128899381,2.74086309204336e-16
1,4.35601312785388,0.155,0.3504,10,0.01526,763,14.0392,0.0184,1.84,762,1,0.909109697923758,159.239809237576,743.306544818525,175.160170000662,145.751705806452,2.27239060758511,18.6395837037543,16.3671930961692,113.497514338682,48.499882577517,0.767946041900433,0.384559281356892,6.13805943522634,6.41950700635286,17.2577547303674,156.098468944391,56.9268215590298,230.283045233789,300.380128899381,2.74086309204336e-16
1,4.35601312785388,0.155,0.3504,10,0.01526,763,14.1918,0.0186,1.86,762,1,0.909109697923758,159.239809237576,743.086927924955,175.160170000662,145.751705806452,2.2819044798661,18.471129943405,16.1892254635389,113.189741783443,48.2736684162639,0.767877459117581,0.38451248338344,6.07054827311387,6.34817101787398,17.4605045402386,156.056123832561,57.2109564725327,230.727584845332,300.380128899381,2.74086309204336e-16
1,4.35601312785388,0.155,0.3504,10,0.01526,763,14.3444,0.0188,1.88,762,1,0.909109697923758,159.239809237576,742.867291010903,175.160170000662,145.751705806452,2.29132023811502,18.3063637170407,16.0150434789257,112.884316610504,48.0517214320568,0.767808829526295,0.384465660877495,6.00447296912745,6.2783521845934,17.6632728329725,156.013771806293,57.4929242881068,231.169968927372,300.380128899381,2.74086309204336e-16
1,4.35601312785388,0.155,0.3504,10,0.01526,763,14.497,0.019,1.9,762,1,0.909109697923758,159.239809237576,742.647634059048,175.160170000662,145.751705806452,2.30063996199449,18.1451675566736,15.8445275946791,112.581198208008,47.8339155319639,0.767740153074079,0.384418813814536,5.93978817992912,6.21000259595189,17.8660596245598,155.971412859164,57.7727624985259,231.61023498225,300.380128899381,2.74086309204336e-16
1,4.35601312785388,0.155,0.3504,10,0.01526,763,14.6496,0.0192,1.92,762,1,0.909109697923758,159.239809237576,742.427957052045,175.160170000662,145.751705806452,2.30986566583928,17.9874289101387,15.6775632442995,112.280347110941,47.6201296628933,0.767671429708351,0.384371942170003,5.87645045148611,6.14307633766315,18.0688649310133,155.929046984741,58.0505075377999,232.048419453554,300.380128899381,2.74086309204336e-16
1,4.35601312785388,0.155,0.3504,10,0.01526,763,14.8022,0.0194,1.94,762,1,0.909109697923758,159.239809237576,742.208259972525,175.160170000662,145.751705806452,2.31899930136428,17.8330398870419,15.5140405856776,111.981724956348,47.410247559259,0.767602659376444,0.384325045919302,5.81441812168394,6.07752938881305,18.2716887683684,155.886674176582,58.3261948225206,232.484557767471,300.380128899381,2.74086309204336e-16
1,4.35601312785388,0.155,0.3504,10,0.01526,763,14.9548,0.0196,1.96,762,1,0.909109697923758,159.239809237576,741.988542803095,175.160170000662,145.751705806452,2.32804276023364,17.6818970202882,15.3538542600545,111.685294440764,47.2041575057725,0.76753384202561,0.384278125037801,5.75365122890201,6.01331952525913,18.474531152682,155.844294428236,58.5998587911596,232.918684372077,300.380128899381,2.74086309204336e-16
1,4.35601312785388,0.155,0.3504,10,0.01526,763,15.1074,0.0198,1.98,762,1,0.909109697923758,159.239809237576,741.768805526338,175.160170000662,145.751705806452,2.33699787649953,17.5339010420888,15.1969031655893,111.391019279744,47.0017521142914,0.767464977603015,0.384231179500827,5.69411142613008,5.95040622888445,18.6773921000343,155.801907733241,58.8715329414344,233.35083277471,300.380128899381,2.74086309204336e-16
1,4.35601312785388,0.155,0.3504,10,0.01526,763,15.26,0.02,2,762,1,0.909109697923758,159.239809237576,741.549048124813,175.160170000662,145.751705806452,2.3458664289182,17.3889566734317,15.0430902445135,111.098864169348,46.802928113767,0.767396066055742,0.384184209283677,5.63576190023776,5.88875060229639,18.8802716265256,155.759514085129,59.1412498658606,233.781035577515,300.380128899381,2.74086309204336e-16
