eta,eta_fraction,c0,t1,t2,control_duration,clear_time,peak_I,cum_total_infections,q_start,q_mean_control,q_min_theory,q_max_theory,J_c,J_q,J,raw_c_cost,raw_q_cost,w_c,w_q,plateau_max_error,q_was_clipped,status,S_star,Sc,Sbar,S_end,C2,clear_time_method
100.0,7.597052343690648e-06,12.8872,11.378062781921809,22534.663558637247,22523.285495855325,23748.321471240102,100.0,2109306.444290577,0.8470283667848927,0.6171706717080123,0.323,0.8470283667848927,0.0,9786.839030113873,10884.647629022387,0.0,6625.690023387093,1.0,2.0,0.0,0.0,ok,13162459.348343061,2974125.4115856644,1711863.1646776996,2924758.332178822,-9882126.927778926,phase_formula
112.34493440205146,8.534903472008771e-06,12.8872,11.49311483363031,20059.77217554236,20048.27906070873,21227.511744546107,112.34493440205146,2110366.745367352,0.8470275910936724,0.6171706745872177,0.323,0.8470275910936724,0.0,8711.39700975108,9688.561205802656,0.0,5897.61577560148,1.0,2.0,0.0,0.0,ok,13162392.604253545,2974125.4115856644,1711863.1646776996,2921788.4603942265,-9882114.582844526,phase_formula
126.21384285801246,9.588531706906667e-06,12.8872,11.608170784652245,17856.844923638855,17845.2367528542,18979.999660398753,126.21384285801246,2111489.999108623,0.8470267196331268,0.6171708634946608,0.323,0.8470267196331268,0.0,7754.133980581648,8623.913371293513,0.0,5249.548704853775,1.0,2.0,0.0,0.0,ok,13162317.620532114,2974125.4115856644,1711863.1646776996,2918644.450375064,-9882100.713936068,phase_formula
141.79485896514254,1.077222965624421e-05,12.8872,11.723304432643697,15895.997313306301,15884.274008873657,16975.898955123022,141.79485896514254,2112680.0121944295,0.8470257405777761,0.6171712855408708,0.323,0.8470257405777761,0.0,6902.063966135605,7676.261144316669,0.0,4672.697305073805,1.0,2.0,0.0,0.0,ok,13162233.37997072,2974125.4115856644,1711863.1646776996,2915316.037941149,-9882085.132919962,phase_formula
159.29934128987077,1.210205434094589e-05,12.8872,11.83830985685224,14150.628416852072,14138.79010699522,15188.602578750797,159.29934128987077,2113940.817416276,0.8470246406415544,0.6171719917507789,0.323,0.8470246406415544,0.0,6143.627838583443,6832.748436520877,0.0,4159.236046720991,1.0,2.0,0.0,0.0,ok,13162138.739779545,2974125.4115856644,1711863.1646776996,2911792.382604844,-9882067.628437636,phase_formula
178.96474047500539,1.3596045010636282e-05,12.8872,11.953415507809924,12597.06074025404,12585.107324746232,13594.423110675187,178.96474047500539,2115276.68737475,0.847023404897306,0.6171730503150267,0.323,0.847023404897306,0.0,5468.536795070286,6081.932087340646,0.0,3702.1994102625836,1.0,2.0,0.0,0.0,ok,13162032.416081902,2974125.4115856644,1711863.1646776996,2908062.03669314,-9882047.963038452,phase_formula
201.05782028944645,1.5274467848472724e-05,12.8872,12.068481171777924,11214.218228654354,11202.149747482576,12172.271256710303,201.05782028944645,2116692.149002518,0.8470220165739505,0.61715114509465,0.323,0.8470220165739505,0.0,4867.245459001097,5413.027022083463,0.0,3295.125175743742,1.0,2.0,0.0,0.0,ok,13161912.966494454,2974125.4115856644,1711863.1646776996,2904112.9131395123,-9882025.869958637,phase_formula
225.87827631437312,1.7160090884629123e-05,12.8872,12.183537291393483,9983.34090808043,9971.157370789037,10903.370927985634,225.87827631437312,2118191.9989360054,0.8470204568285423,0.6171502569538111,0.323,0.8470204568285423,0.0,4332.375927244434,4818.164929745441,0.0,2933.018502744482,1.0,2.0,0.0,0.0,ok,13161778.770556312,2974125.4115856644,1711863.1646776996,2899932.2519361917,-9882001.049502613,phase_formula
253.76280135386727,1.9278492847669018e-05,12.8872,12.298686170265947,8887.730304681734,8875.431618511468,9771.005055987696,253.76280135386727,2119781.319813197,0.8470187044901103,0.6171496351038964,0.323,0.8470187044901103,0.0,3856.285039844509,4288.676418486243,0.0,2610.704971974733,1.0,2.0,0.0,0.0,ok,13161628.007741187,2974125.4115856644,1711863.1646776996,2895506.5852190047,-9881973.164977573,phase_formula
285.08965271781034,2.1658410143417938e-05,12.8872,12.413693119892995,7912.522517458854,7900.108824338961,8760.289020826403,285.08965271781034,2121465.497552741,0.8470167357717729,0.6171493513803574,0.323,0.8470167357717729,0.0,3432.513864864908,3817.377829257536,0.0,2323.811886513543,1.0,2.0,0.0,0.0,ok,13161458.632754065,2974125.4115856644,1711863.1646776996,2890821.7009848147,-9881941.838126209,phase_formula
320.28378333286037,2.4332126668150144e-05,12.8872,12.528800955116997,7044.487405138357,7031.95860418324,7857.970157280037,320.28378333286037,2123250.239646839,0.8470145239471846,0.6171495072080043,0.323,0.8470145239471846,0.0,3055.313379804411,3397.8751443062397,0.0,2068.4471581275866,1.0,2.0,0.0,0.0,ok,13161268.347776858,2974125.4115856644,1711863.1646776996,2885862.6054362343,-9881906.643995594,phase_formula
359.8226062857106,2.733591174395735e-05,12.8872,12.643884970601897,6271.848269220447,6259.204384249845,7052.247723320376,359.8226062857106,2125141.594579614,0.8470120389868763,0.6171502106784719,0.323,0.8470120389868763,0.0,2719.5661570261555,3024.4767432214244,0.0,1841.146288306707,1.0,2.0,0.0,0.0,ok,13161054.571285993,2974125.4115856644,1711863.1646776996,2880613.483966797,-9881867.105172642,phase_formula
404.24247099543345,3.071051211695156e-05,12.8872,12.75894527382143,5584.122595514088,5571.363650240267,6332.613900748005,404.24247099543345,2127145.972393724,0.8470092471494985,0.6171515945106628,0.323,0.8470092471494985,0.0,2420.7171363617736,2692.1164913199855,0.0,1638.825501316921,1.0,2.0,0.0,0.0,ok,13160814.40301832,2974125.4115856644,1711863.1646776996,2875057.6608094433,-9881822.685307931,phase_formula
454.1459388650521,3.4501704692323335e-05,12.8872,12.874106641222117,4971.979857285338,4959.105750644116,5689.711828236322,454.1459388650521,2129270.166500259,0.8470061105223421,0.6171538224188223,0.323,0.8470061105223421,0.0,2154.711835053368,2396.285016761513,0.0,1458.7399123311302,1.0,2.0,0.0,0.0,ok,13160544.584609235,2974125.4115856644,1711863.1646776996,2869177.5573855536,-9881772.781840062,phase_formula
510.20995710752294,3.876091750418012e-05,12.8872,12.989128973069912,4427.1144541771255,4414.125325204055,5115.208747532655,510.20995710752294,2131521.376833019,0.847002586504809,0.6171570681237544,0.323,0.847002586504809,0.0,1917.941158039643,2132.9682460130066,0.0,1298.4461639928381,1.0,2.0,0.0,0.0,ok,13160241.455368014,2974125.4115856644,1711863.1646776996,2862954.6494060317,-9881716.71782182,phase_formula
520.0,3.950467218719137e-05,12.8872,13.007922650204316,4344.0194038362015,4331.011481185998,5027.379063003302,520.0,2131901.535195875,0.847001971112734,0.6170972164388753,0.323,0.847001971112734,0.0,1881.4452304012002,2092.2120115229923,0.0,1273.7384209816125,1.0,2.0,0.0,0.0,ok,13160188.521952104,2974125.4115856644,1711863.1646776996,2861904.690006051,-9881706.927778926,phase_formula
573.1950416251822,4.354592734370449e-05,12.8872,13.104244930119219,3942.13388652367,3929.0296415935504,4601.684364410487,573.1950416251822,2133907.2343424237,0.846998627227705,0.6170948805064537,0.323,0.846998627227705,0.0,1706.8057650676067,1897.9943787519355,0.0,1155.5075029507698,1.0,2.0,0.0,0.0,ok,13159900.902589098,2974125.4115856644,1711863.1646776996,2856369.422801474,-9881653.7327373,phase_formula
643.9555935096224,4.892164350904979e-05,12.8872,13.21935550228423,3510.4576675169114,3497.2383120146274,4142.529925247699,643.9555935096224,2136435.8270579176,0.8469941789003215,0.617092645440043,0.323,0.8469941789003215,0.0,1519.2201874662517,1689.3812594688152,0.0,1028.5120669146525,1.0,2.0,0.0,0.0,ok,13159518.305723635,2974125.4115856644,1711863.1646776996,2849401.3285733955,-9881582.972185418,phase_formula
723.4514891067264,5.4960988308647454e-05,12.8872,13.334427444350768,3126.22845680199,3112.8940293576393,3731.859499747533,723.4514891067264,2139115.727678446,0.8469891810762535,0.617091195518911,0.323,0.8469891810762535,0.0,1352.2521811188599,1503.6989810671714,0.0,915.4747266174681,1.0,2.0,0.0,0.0,ok,13159088.473651795,2974125.4115856644,1711863.1646776996,2842028.736687167,-9881503.47628982,phase_formula
812.7611008676171,6.174588626206921e-05,12.8872,13.449602420592466,2784.2327144678925,2770.7831120473,3364.430766714377,812.7611008676171,2141956.0228386987,0.846983565827752,0.6170907716416802,0.323,0.846983565827752,0.0,1203.6362532846774,1338.4278878942973,0.0,814.8617434737266,1.0,2.0,0.0,0.0,ok,13158605.574202262,2974125.4115856644,1711863.1646776996,2834228.8891605292,-9881414.16667806,phase_formula
913.0959256151148,6.93683754170869e-05,12.8872,13.564658941080461,2479.8294386962107,2466.2647797551303,3035.5738689669115,913.0959256151148,2144966.3442695034,0.8469772568170978,0.6170916269006675,0.323,0.8469772568170978,0.0,1071.3557185317616,1191.3249863449023,0.0,725.3078214460025,1.0,2.0,0.0,0.0,ok,13158063.054959461,2974125.4115856644,1711863.1646776996,2825977.8525246046,-9881313.831853312,phase_formula
1025.8170186601064,7.793185585809515e-05,12.8872,13.679793533721307,2208.8879941275663,2195.208200593845,2741.129346079414,1025.8170186601064,2148156.901677309,0.8469701682520064,0.6170941054675142,0.323,0.8469701682520064,0.0,953.615645596157,1060.393988098371,0.0,645.5977920685983,1.0,2.0,0.0,0.0,ok,13157453.554279916,2974125.4115856644,1711863.1646776996,2817250.4698853777,-9881201.110760266,phase_formula
1152.4534566987763,8.755249234207827e-05,12.8872,13.794945311484753,1967.7314011420806,1953.9364558305958,2477.3915158582363,1152.4534566987763,2151538.5178701766,0.846962203710402,0.6170985880837794,0.323,0.846962203710402,0.0,848.8182464774037,943.8578239506777,0.0,574.6499528652024,1.0,2.0,0.0,0.0,ok,13156768.801305274,2974125.4115856644,1711863.1646776996,2808020.312847614,-9881074.474322228,phase_formula
1294.7230799424149,9.836079008906897e-05,12.8872,13.910042355997163,1753.0867043487483,1739.1766619927512,2241.058923519896,1294.7230799424149,2155122.66594291,0.8469532548179878,0.6171055212278601,0.323,0.8469532548179878,0.0,755.5412979065109,840.1346858185092,0.0,511.50145868270795,1.0,2.0,0.0,0.0,ok,13155999.503608797,2974125.4115856644,1711863.1646776996,2798259.633616882,-9880932.204698984,phase_formula
1300.0,9.876168046797843e-05,12.8872,13.914070632985933,1746.0291611434898,1732.115090510504,2233.259358337613,1300.0,2155251.7140017953,0.8469529228717098,0.6171058152387654,0.323,0.8469529228717098,0.0,752.4743290723188,836.7242848315957,0.0,509.4251207819599,1.0,2.0,0.0,0.0,ok,13155970.969348943,2974125.4115856644,1711863.1646776996,2797908.6259644465,-9880926.927778926,phase_formula
1454.5557948495277,0.00011050336510290418,12.8872,14.025245830484987,1562.0408195965194,1548.0155737660345,2029.1902607595962,1454.5557948495277,2158921.508671975,0.8469431997598864,0.6169462372835137,0.323,0.8469431997598864,0.0,672.1319839952815,747.217765229989,0.0,455.0333531648056,1.0,2.0,0.0,0.0,ok,13155135.220942607,2974125.4115856644,1711863.1646776996,2787939.3176525226,-9880772.371984078,phase_formula
1634.1197535649385,0.000124144933036917,12.8872,14.1403572786499,1392.0004227109864,1377.8600654323366,1839.1643165767318,1634.1197535649385,2162947.9407348284,0.8469319016051579,0.6169389057071119,0.323,0.8469319016051579,0.0,598.2373409907099,665.0516280209321,0.0,405.0066798507106,1.0,2.0,0.0,0.0,ok,13154164.223362051,2974125.4115856644,1711863.1646776996,2777028.8373041684,-9880592.808025362,phase_formula
1835.850765193497,0.00013947054358379526,12.8872,14.255529462634398,1240.657484235247,1226.4019547726127,1668.6455656152018,1835.850765193497,2167215.633032021,0.8469192064202042,0.6169333820500298,0.323,0.8469192064202042,0.0,532.4674657593525,591.9218609845175,0.0,360.4804743190817,1.0,2.0,0.0,0.0,ok,13153073.331788914,2974125.4115856644,1711863.1646776996,2765496.2069435082,-9880391.077013733,phase_formula
2062.485337876194,0.0001566880906993994,12.8872,14.370748822579321,1105.9574410890389,1091.5866922664595,1515.5523876845068,2062.485337876194,2171739.0803261343,0.846904941143872,0.6169302227147542,0.323,0.846904941143872,0.0,473.92957100493675,526.8355042670498,0.0,320.8503195703422,1.0,2.0,0.0,0.0,ok,13151847.73883315,2974125.4115856644,1711863.1646776996,2753307.9401754364,-9880164.44244105,phase_formula
2317.0977998889393,0.0001760311327120671,12.8872,14.485895030935238,986.0713858840347,971.5854908530995,1378.0292965376982,2317.0977998889393,2176533.6518130573,0.8468889111934058,0.6169300645156969,0.323,0.8468889111934058,0.0,421.82893058931535,468.90864315097156,0.0,285.57818600896655,1.0,2.0,0.0,0.0,ok,13150470.80742057,2974125.4115856644,1711863.1646776996,2740429.009813735,-9879909.829979038,phase_formula
2603.142003316607,0.00019776206057255997,12.8872,14.601153744454981,879.3716719347599,864.7705181903049,1254.4225789032944,2603.142003316607,2181615.6443462875,0.8468708977662252,0.6169337503173615,0.323,0.8468708977662252,0.0,375.458259343522,417.35466629176494,0.0,254.18524157556442,1.0,2.0,0.0,0.0,ok,13148923.844466915,2974125.4115856644,1711863.1646776996,2726822.8114027055,-9879623.78577561,phase_formula
2924.49817601829,0.00022217565722238775,12.8872,14.716357434542191,784.4091723254517,769.6928148909095,1143.2575829035015,2924.49817601829,2187002.3404016485,0.8468506547976884,0.6169421787796636,0.323,0.8468506547976884,0.0,334.187862629374,371.4731990439605,0.0,226.24518300008629,1.0,2.0,0.0,0.0,ok,13147185.846492957,2974125.4115856644,1711863.1646776996,2712451.1311860536,-9879302.429602908,phase_formula
3200.0,0.00024310567499810073,12.8872,14.80548931667462,718.1905308770348,703.3850415603602,1064.975051433919,3200.0,2191389.0123124346,0.8468332954160349,0.6169526742088105,0.323,0.8468332954160349,0.0,305.409030967715,339.480440019434,0.0,206.7619139651431,1.0,2.0,0.0,0.0,ok,13145695.790169045,2974125.4115856644,1711863.1646776996,2700785.7543169237,-9879026.927778926,phase_formula
3285.5255574369426,0.0002496030963638185,12.8872,14.831601255222575,699.8942404500453,685.0626391948227,1043.2197017965216,3285.5255574369426,2192712.0682407077,0.8468279055294891,0.6169564987399394,0.323,0.8468279055294891,0.0,297.45733358235225,330.6409725945126,0.0,201.37861483525245,1.0,2.0,0.0,0.0,ok,13145233.21368525,2974125.4115856644,1711863.1646776996,2697274.1195519245,-9878941.40222149,phase_formula
3691.1215322651688,0.0002804164348754212,12.8872,14.946935549847389,624.678906999243,609.7319714493957,953.136590621193,3691.1215322651688,2198764.2671619286,0.8468023386369549,0.6169780598614566,0.323,0.8468023386369549,0.0,264.7678316132857,294.30318405801086,0.0,179.24782200219437,1.0,2.0,0.0,0.0,ok,13143039.428467372,2974125.4115856644,1711863.1646776996,2681250.271129131,-9878535.80624666,phase_formula
4146.7880641233005,0.0003150336598133633,12.8872,15.06217426823648,557.7411153372857,542.6789410690492,871.9624167500274,4146.7880641233005,2205179.557683516,0.8467736038561648,0.6165257654523377,0.323,0.8467736038561648,0.0,235.28840704897596,261.36729353333436,0.0,159.2902515721567,1.0,2.0,0.0,0.0,ok,13140574.694150075,2974125.4115856644,1711863.1646776996,2664336.4128718767,-9878080.139714804,phase_formula
4658.7063304314215,0.0003539243584617049,12.8872,15.177536433240375,498.17150115702503,482.99396472378464,798.7646514892208,4658.7063304314215,2211979.8134848336,0.8467413070432628,0.6165071169616608,0.323,0.8467413070432628,0.0,209.39758655237833,232.59103343683216,0.0,141.76216609596014,1.0,2.0,0.0,0.0,ok,13137805.528668268,2974125.4115856644,1711863.1646776996,2646487.7016479285,-9877568.221448496,phase_formula
5233.820570907399,0.0003976160883466838,12.8872,15.292899496678023,445.1603072159021,429.86740771922405,732.7109932414475,5233.820570907399,2219188.243076547,0.8467050045884258,0.6164938744134428,0.323,0.8467050045884258,0.0,186.3566484129663,206.98440788954457,0.0,126.1634509755782,1.0,2.0,0.0,0.0,ok,13134694.307779543,2974125.4115856644,1711863.1646776996,2627657.633048919,-9876993.10720802,phase_formula
5879.932287106999,0.0004467015336250854,12.8872,15.408276378521458,397.9868775716419,382.57860119312045,673.058867826262,5879.932287106999,2226829.4729421386,0.8466641970953751,0.6164876652251371,0.323,0.8466641970953751,0.0,165.85243785711629,184.19912783092315,0.0,112.28210042926773,1.0,2.0,0.0,0.0,ok,13131198.751382835,2974125.4115856644,1711863.1646776996,2607798.063360016,-9876346.99549182,phase_formula
6500.0,0.0004938084023398921,12.8872,15.507706464816126,361.54403659236056,346.03633012754443,626.3038940064405,6500.0,2233777.608553568,0.8466250110753928,0.6164894627684872,0.323,0.8466250110753928,0.0,150.0118413995744,166.59801756338518,0.0,101.55801662751189,1.0,2.0,0.0,0.0,ok,13127843.840518482,2974125.4115856644,1711863.1646776996,2589830.103017987,-9875726.927778926,phase_formula
6605.806070835401,0.00050184654492406,12.8872,15.523786421406975,356.0098525665213,340.48606614511436,619.1456263105327,6605.806070835401,2234929.6375724273,0.84661832222377,0.6164905201462866,0.323,0.84661832222377,0.0,147.6062520760599,163.92523858982364,0.0,99.92943265549255,1.0,2.0,0.0,0.0,ok,13127271.345805624,2974125.4115856644,1711863.1646776996,2586859.246872322,-9875621.121708091,phase_formula
7421.288497006765,0.000563799171693897,12.8872,15.63922046893252,318.65803215626954,303.018811687337,570.3794095585154,7421.288497006765,2243516.481066064,0.8465667465759135,0.6165046030780197,0.323,0.8465667465759135,0.0,131.36989076730435,145.88665430264788,0.0,88.93741604946503,1.0,2.0,0.0,0.0,ok,13122858.693990322,2974125.4115856644,1711863.1646776996,2564789.890991485,-9874805.63928192,phase_formula
8337.44169374924,0.000633399809598818,12.8872,15.754773325475176,285.4233628008986,269.6685894754234,526.2321339929871,8337.44169374924,2252619.4547103355,0.8465087564904282,0.6165328238007525,0.323,0.8465087564904282,0.0,116.92257394252127,129.83785639176372,0.0,79.15658255908691,1.0,2.0,0.0,0.0,ok,13117900.78447005,2974125.4115856644,1711863.1646776996,2541537.2318912353,-9873889.486085176,phase_formula
9366.693401651874,0.0007115926005965109,12.8872,15.870416995584014,255.85341624576017,239.98299925017616,486.23196754306116,9366.693401651874,2262269.8355450323,0.8464435475833378,0.6165784418274796,0.323,0.8464435475833378,0.0,104.06770307969262,115.56018064742815,0.0,70.4538349849519,1.0,2.0,0.0,0.0,ok,13112330.168842942,2974125.4115856644,1711863.1646776996,2517047.133785215,-9872860.234377274,phase_formula
10523.00555772709,0.0007994382403500031,12.8872,15.986038410201786,229.54539037574511,213.55935196554333,449.9573264301042,10523.00555772709,2272500.848553876,0.8463702128505448,0.6166451958520652,0.323,0.8463702128505448,0.0,92.63024776065299,102.85893493814557,0.0,62.710677733962086,1.0,2.0,0.0,0.0,ok,13106071.036111793,2974125.4115856644,1711863.1646776996,2491264.215243087,-9871703.922221199,phase_formula
11822.06369095274,0.0008981283667061263,12.8872,16.10182131430521,206.14102856961213,190.03920725530693,417.03178860330144,11822.06369095274,2283347.788512855,0.8462877291141142,0.6153610734060502,0.323,0.8462877291141142,0.0,82.06804523249093,90.96354259360882,0.0,55.56006662239635,1.0,2.0,0.0,0.0,ok,13099038.17072796,2974125.4115856644,1711863.1646776996,2464132.0063603907,-9870404.864087975,phase_formula
13281.489698569587,0.0010090017244222128,12.8872,16.21765059218207,185.32116173051946,169.10351113833738,387.1186291674743,13281.489698569587,2294848.1764312577,0.846194941556845,0.6153147030533064,0.323,0.846194941556845,0.0,73.01542487987379,80.91484199589482,0.0,49.43144264367456,1.0,2.0,0.0,0.0,ok,13091135.77943642,2974125.4115856644,1711863.1646776996,2435593.14100306,-9868945.438080357,phase_formula
14921.080889473207,0.0011335623254177018,12.8872,16.33355334433592,166.80182134888602,150.4682680045501,359.91692567747117,14921.080889473207,2307041.903314834,0.8460905460438606,0.615284745284228,0.323,0.8460905460438606,0.0,64.96245108872809,71.97795280178171,0.0,43.97957938706892,1.0,2.0,0.0,0.0,ok,13082256.170028973,2974125.4115856644,1711863.1646776996,2405589.588791342,-9867305.846889453,phase_formula
15000.0,0.0011395578515535972,12.8872,16.3388158048265,166.0128691140342,149.6740533092077,358.74397437166976,15000.0,2307611.593272639,0.846085517031081,0.6152838659076113,0.323,0.846085517031081,0.0,64.61936621458956,71.59726793411505,0.0,43.74731092727714,1.0,2.0,0.0,0.0,ok,13081828.719459048,2974125.4115856644,1711863.1646776996,2404194.258335754,-9867226.927778926,phase_formula
16763.07853735573,0.0012734998508968874,12.8872,16.449643990877696,150.33033216211294,133.88068817123525,335.1576422514553,16763.07853735573,2319971.3956233314,0.8459730688744641,0.6152761938998538,0.323,0.8459730688744641,0.0,57.799317541184344,64.03076312041188,0.0,39.130137975381814,1.0,2.0,0.0,0.0,ok,13072278.262834797,2974125.4115856644,1711863.1646776996,2374062.931956583,-9865463.849241572,phase_formula
18832.46958655668,0.0014307125721003326,12.8872,16.565768330945595,135.68152708148654,119.11575875054093,312.5998352779841,18832.46958655668,2333681.820485548,0.8458408435398699,0.6152944934589459,0.323,0.8458408435398699,0.0,51.42818370305371,56.96442382692149,0.0,34.81688036696737,1.0,2.0,0.0,0.0,ok,13061065.913163831,2974125.4115856644,1711863.1646776996,2340954.6927003684,-9863394.45819237,phase_formula
21157.325603303416,0.0016073331006080237,12.8872,16.682052665089582,122.65524397616119,105.9731913110716,292.02814049323314,21157.325603303416,2348221.2545287367,0.8456919839794939,0.6153467219941049,0.323,0.8456919839794939,0.0,45.762060707601094,50.68220419643702,0.0,30.980915099045937,1.0,2.0,0.0,0.0,ok,13048466.019911252,2974125.4115856644,1711863.1646776996,2306206.7172013354,-9861069.602175623,phase_formula
23769.183570259636,0.0018057573175005422,12.8872,16.798563465709805,111.07326839343267,94.27470492772287,273.2497054704718,23769.183570259636,2363640.9200342777,0.8455243537262609,0.6154412138644307,0.323,0.8455243537262609,0.0,40.723499476771494,45.09797875797639,0.0,27.569809145774304,1.0,2.0,0.0,0.0,ok,13034306.392060636,2974125.4115856644,1711863.1646776996,2269761.6229433687,-9858457.744208667,phase_formula
26326.0,0.002,12.8872,16.90089167316588,101.97196883954985,85.07107716638396,258.10849962879837,26326.0,2377943.137838502,0.8453598505859481,0.6155662375638221,0.323,0.8453598505859481,0.0,36.763552395968276,40.71096164101637,0.0,24.888924972070534,1.0,2.0,0.0,0.0,ok,13020440.754052531,2974125.4115856644,1711863.1646776996,2236331.0553641412,-9855900.927778926,phase_formula
26703.473689911352,0.002028676873806226,12.8872,16.91514053530766,100.77674829861371,83.86160776330605,256.09159397902596,26703.473689911352,2379995.461520991,0.845335530204596,0.6155871678647896,0.323,0.845335530204596,0.0,36.243471651482395,40.13491602400628,0.0,24.536830308053574,1.0,2.0,0.0,0.0,ok,13018393.340804167,2974125.4115856644,1711863.1646776996,2231563.3165714764,-9855523.454089016,phase_formula
30000.0,0.0022791157031071944,12.8872,17.03195231304367,91.62459668800149,74.59264437495781,240.39917793980305,30000.0,2397343.1440152237,0.8451227632865601,0.6122966626286874,0.323,0.8451227632865601,0.0,31.87504146872056,35.13005869322097,0.0,21.579403074323825,1.0,2.0,0.0,0.0,ok,13000508.960325282,2974125.4115856644,1711863.1646776996,2191557.590004547,-9852226.927778926,phase_formula
