case_id,configuration_id,run_id,solve_fingerprint,T,N,initialization,success,return_status,numeric_pass,agreement_pass,J_openocl,capacity_excess,state_discrepancy,tail_max_q,terminal_peak,observed_structure
E1,C01,run_1fe903238ec8428ebe33758d0860ba94,93b2027d362a7138f8726c3d11f2fe3f49a71646148c1a6d5e0dca36609c4d20,300,4000,analytic_reference,1,Solve_Succeeded,1,1,0.416205009097285,2.96804825633545e-07,6.75202858069213e-08,0,1.73252786675943e-27,0 -> 1 -> 0
E2,C02,run_95f03cda21434451998723ad26c1a1b9,98b639fdefaca791a15d10641aeeabd1a378674d0da388191d12c36fd1f58dcf,300,8000,analytic_reference,1,Solve_Succeeded,1,1,1.52952336139844,7.99106054660825e-07,8.57058412018219e-08,0,1.40363573086305e-27,0 -> q_B -> 1 -> 0
E3,C03,run_bd09cff659c14ab7960b447ff0f4f0b0,bb8f0c1550c05b0f17dfdff131f870359de93ac4d8e45f2248b6dbe64d50b1f6,300,4000,analytic_reference,1,Solve_Succeeded,1,1,0.433998516352355,4.80238515898623e-08,1.73372081690992e-08,0,3.78873933249578e-28,1 -> 0
E4,C04,run_139836e6273441e7bef91b3cce70193f,b09e5674b10efbb7d2e71fa775ef7bc7f6635c939649ca97f3d8399ffeb089be,300,8000,analytic_reference,1,Solve_Succeeded,1,1,1.26883109558404,7.70286958773347e-07,4.12529849169729e-09,0,5.14388665331616e-28,q_B -> 1 -> 0
E5,C05,run_a07493968ce542b2b057ce11232f695c,77d7e0acd05f07c385996b57f8df3e52874b79bd4f1eb6feb941be29f2c62a41,300,4000,analytic_reference,1,Solve_Succeeded,1,1,0.536256361591604,5.57100699738466e-08,2.50272302326771e-08,0,3.65296398854221e-28,1 -> 0
E1,C16,run_91fb58bb25ea47d29212281a89b7e3bb,ad976937162e2e95a30ff09ca91e2e6c85d7382391ac66bbb3fdf943a195d4e2,300,2000,analytic_reference,1,Solve_Succeeded,1,0,0.41622897017621,1.00656375262576e-07,5.64700371019633e-07,0,1.72912653618266e-27,0 -> 1 -> 0
E1,C17,run_30ba0304ab67442db4b06441eee8c2c2,e93aca929d00f2b597739d91c0954d2d636d1487417221875cb168260c8aca2a,300,8000,analytic_reference,1,Solve_Succeeded,1,1,0.416190211584906,1.43352782477901e-07,1.08488004413321e-08,0,1.73155629184536e-27,0 -> 1 -> 0
E2,C18,run_23330a48e0454d94b7522ecfdc6c93ec,4c89aca39e5a1a66871b845f3cda2322b40dff50334ba84d36419b3413fe21dc,300,2000,analytic_reference,1,Solve_Succeeded,0,0,1.52958893895026,1.44612809196698e-05,5.8730682249708e-06,0,1.4049657156549e-27,0 -> 1 -> 0
E2,C19,run_b9f75da0ecd04d8288f7624bc7a44e49,8dbfe7705f136b6a36dd01263382bda07b72c38ea7e1c111c9508598fe385e30,300,4000,analytic_reference,1,Solve_Succeeded,0,1,1.52951837567133,3.33927520831945e-06,7.23566680904675e-07,0,1.40210485801295e-27,0 -> q_B -> 1 -> 0
E3,C20,run_be8c0645aca04eb38d172896cee33450,a2836d0e4746441c6f65732e747687d13a12d5a276ed847c9c67050a90c0ac17,300,2000,analytic_reference,1,Solve_Succeeded,0,0,0.433913453433806,7.83006799126573e-06,1.34893061609631e-07,0,3.78475272787153e-28,1 -> 0
E3,C21,run_2c79e1d8828f49a99532a0130b717305,5f7c06630e6509df2b1254851b94d49630f753e2885fffc947a68ff88cfb8cb9,300,8000,analytic_reference,1,Solve_Succeeded,1,1,0.433983078641893,3.3964754303506e-07,1.09468225595322e-08,0,3.7887557964077e-28,1 -> 0
E4,C22,run_70efe89f465f49298d3823770cc82ae0,44588e75e25d351dd68b43c80fddf3f1b149043d4873d01dceee4bdc6e6d9765,300,2000,analytic_reference,1,Solve_Succeeded,0,0,1.26888486106206,1.24062514041123e-05,2.48994695972726e-07,0,5.15480777081396e-28,1 -> 0
E4,C23,run_fb6d128aedb84204ba5d18ed3afb5828,49073a4246f8ab5140b285af6cf2fe51b6dfb67f3c921d00eee24b5d51f8eeea,300,4000,analytic_reference,1,Solve_Succeeded,0,0,1.26884646386304,3.09083986516079e-06,3.18745938532317e-08,0,5.1423945613102e-28,q_B -> 1 -> 0
E5,C24,run_135928be76eb447ba619aeac74710e77,84d7ecb0160a26a013382f81ea07cae8958f5a4dae4fc29f0eb4cef9149f7998,300,2000,analytic_reference,1,Solve_Succeeded,0,0,0.536378660484906,2.5684636780765e-06,1.80443237018935e-07,0,3.65064820654333e-28,1 -> 0
E5,C25,run_bed1c525aeff4468bda80a9d09ebd92f,7c42597855d6762bd0c11077ac72d88cee48b130604f7170e4b7716c88d2427c,300,8000,analytic_reference,1,Solve_Succeeded,1,1,0.536242193478845,4.94925232186194e-08,1.12654224282416e-08,0,3.65306814947986e-28,1 -> 0
