case_id,run_id,solve_fingerprint,control_threshold,capacity_threshold,observed_structure,consistency_pass
E1,run_1fe903238ec8428ebe33758d0860ba94,93b2027d362a7138f8726c3d11f2fe3f49a71646148c1a6d5e0dca36609c4d20,0.0005,1e-05,0 -> 1 -> 0,1
E1,run_1fe903238ec8428ebe33758d0860ba94,93b2027d362a7138f8726c3d11f2fe3f49a71646148c1a6d5e0dca36609c4d20,0.0005,2e-05,0 -> 1 -> 0,1
E1,run_1fe903238ec8428ebe33758d0860ba94,93b2027d362a7138f8726c3d11f2fe3f49a71646148c1a6d5e0dca36609c4d20,0.0005,4e-05,0 -> 1 -> 0,1
E1,run_1fe903238ec8428ebe33758d0860ba94,93b2027d362a7138f8726c3d11f2fe3f49a71646148c1a6d5e0dca36609c4d20,0.001,1e-05,0 -> 1 -> 0,1
E1,run_1fe903238ec8428ebe33758d0860ba94,93b2027d362a7138f8726c3d11f2fe3f49a71646148c1a6d5e0dca36609c4d20,0.001,2e-05,0 -> 1 -> 0,1
E1,run_1fe903238ec8428ebe33758d0860ba94,93b2027d362a7138f8726c3d11f2fe3f49a71646148c1a6d5e0dca36609c4d20,0.001,4e-05,0 -> 1 -> 0,1
E1,run_1fe903238ec8428ebe33758d0860ba94,93b2027d362a7138f8726c3d11f2fe3f49a71646148c1a6d5e0dca36609c4d20,0.002,1e-05,0 -> 1 -> 0,1
E1,run_1fe903238ec8428ebe33758d0860ba94,93b2027d362a7138f8726c3d11f2fe3f49a71646148c1a6d5e0dca36609c4d20,0.002,2e-05,0 -> 1 -> 0,1
E1,run_1fe903238ec8428ebe33758d0860ba94,93b2027d362a7138f8726c3d11f2fe3f49a71646148c1a6d5e0dca36609c4d20,0.002,4e-05,0 -> 1 -> 0,1
E2,run_95f03cda21434451998723ad26c1a1b9,98b639fdefaca791a15d10641aeeabd1a378674d0da388191d12c36fd1f58dcf,0.0005,1e-05,0 -> q_B -> 1 -> 0,1
E2,run_95f03cda21434451998723ad26c1a1b9,98b639fdefaca791a15d10641aeeabd1a378674d0da388191d12c36fd1f58dcf,0.0005,2e-05,0 -> q_B -> 1 -> 0,1
E2,run_95f03cda21434451998723ad26c1a1b9,98b639fdefaca791a15d10641aeeabd1a378674d0da388191d12c36fd1f58dcf,0.0005,4e-05,0 -> q_B -> 1 -> 0,1
E2,run_95f03cda21434451998723ad26c1a1b9,98b639fdefaca791a15d10641aeeabd1a378674d0da388191d12c36fd1f58dcf,0.001,1e-05,0 -> q_B -> 1 -> 0,1
E2,run_95f03cda21434451998723ad26c1a1b9,98b639fdefaca791a15d10641aeeabd1a378674d0da388191d12c36fd1f58dcf,0.001,2e-05,0 -> q_B -> 1 -> 0,1
E2,run_95f03cda21434451998723ad26c1a1b9,98b639fdefaca791a15d10641aeeabd1a378674d0da388191d12c36fd1f58dcf,0.001,4e-05,0 -> q_B -> 1 -> 0,1
E2,run_95f03cda21434451998723ad26c1a1b9,98b639fdefaca791a15d10641aeeabd1a378674d0da388191d12c36fd1f58dcf,0.002,1e-05,0 -> q_B -> 1 -> 0,1
E2,run_95f03cda21434451998723ad26c1a1b9,98b639fdefaca791a15d10641aeeabd1a378674d0da388191d12c36fd1f58dcf,0.002,2e-05,0 -> q_B -> 1 -> 0,1
E2,run_95f03cda21434451998723ad26c1a1b9,98b639fdefaca791a15d10641aeeabd1a378674d0da388191d12c36fd1f58dcf,0.002,4e-05,0 -> q_B -> 1 -> 0,1
E3,run_bd09cff659c14ab7960b447ff0f4f0b0,bb8f0c1550c05b0f17dfdff131f870359de93ac4d8e45f2248b6dbe64d50b1f6,0.0005,1e-05,1 -> 0,1
E3,run_bd09cff659c14ab7960b447ff0f4f0b0,bb8f0c1550c05b0f17dfdff131f870359de93ac4d8e45f2248b6dbe64d50b1f6,0.0005,2e-05,1 -> 0,1
E3,run_bd09cff659c14ab7960b447ff0f4f0b0,bb8f0c1550c05b0f17dfdff131f870359de93ac4d8e45f2248b6dbe64d50b1f6,0.0005,4e-05,1 -> 0,1
E3,run_bd09cff659c14ab7960b447ff0f4f0b0,bb8f0c1550c05b0f17dfdff131f870359de93ac4d8e45f2248b6dbe64d50b1f6,0.001,1e-05,1 -> 0,1
E3,run_bd09cff659c14ab7960b447ff0f4f0b0,bb8f0c1550c05b0f17dfdff131f870359de93ac4d8e45f2248b6dbe64d50b1f6,0.001,2e-05,1 -> 0,1
E3,run_bd09cff659c14ab7960b447ff0f4f0b0,bb8f0c1550c05b0f17dfdff131f870359de93ac4d8e45f2248b6dbe64d50b1f6,0.001,4e-05,1 -> 0,1
E3,run_bd09cff659c14ab7960b447ff0f4f0b0,bb8f0c1550c05b0f17dfdff131f870359de93ac4d8e45f2248b6dbe64d50b1f6,0.002,1e-05,1 -> 0,1
E3,run_bd09cff659c14ab7960b447ff0f4f0b0,bb8f0c1550c05b0f17dfdff131f870359de93ac4d8e45f2248b6dbe64d50b1f6,0.002,2e-05,1 -> 0,1
E3,run_bd09cff659c14ab7960b447ff0f4f0b0,bb8f0c1550c05b0f17dfdff131f870359de93ac4d8e45f2248b6dbe64d50b1f6,0.002,4e-05,1 -> 0,1
E4,run_139836e6273441e7bef91b3cce70193f,b09e5674b10efbb7d2e71fa775ef7bc7f6635c939649ca97f3d8399ffeb089be,0.0005,1e-05,q_B -> 1 -> 0,1
E4,run_139836e6273441e7bef91b3cce70193f,b09e5674b10efbb7d2e71fa775ef7bc7f6635c939649ca97f3d8399ffeb089be,0.0005,2e-05,q_B -> 1 -> 0,1
E4,run_139836e6273441e7bef91b3cce70193f,b09e5674b10efbb7d2e71fa775ef7bc7f6635c939649ca97f3d8399ffeb089be,0.0005,4e-05,q_B -> 1 -> 0,1
E4,run_139836e6273441e7bef91b3cce70193f,b09e5674b10efbb7d2e71fa775ef7bc7f6635c939649ca97f3d8399ffeb089be,0.001,1e-05,q_B -> 1 -> 0,1
E4,run_139836e6273441e7bef91b3cce70193f,b09e5674b10efbb7d2e71fa775ef7bc7f6635c939649ca97f3d8399ffeb089be,0.001,2e-05,q_B -> 1 -> 0,1
E4,run_139836e6273441e7bef91b3cce70193f,b09e5674b10efbb7d2e71fa775ef7bc7f6635c939649ca97f3d8399ffeb089be,0.001,4e-05,q_B -> 1 -> 0,1
E4,run_139836e6273441e7bef91b3cce70193f,b09e5674b10efbb7d2e71fa775ef7bc7f6635c939649ca97f3d8399ffeb089be,0.002,1e-05,q_B -> 1 -> 0,1
E4,run_139836e6273441e7bef91b3cce70193f,b09e5674b10efbb7d2e71fa775ef7bc7f6635c939649ca97f3d8399ffeb089be,0.002,2e-05,q_B -> 1 -> 0,1
E4,run_139836e6273441e7bef91b3cce70193f,b09e5674b10efbb7d2e71fa775ef7bc7f6635c939649ca97f3d8399ffeb089be,0.002,4e-05,q_B -> 1 -> 0,1
E5,run_a07493968ce542b2b057ce11232f695c,77d7e0acd05f07c385996b57f8df3e52874b79bd4f1eb6feb941be29f2c62a41,0.0005,1e-05,1 -> 0,1
E5,run_a07493968ce542b2b057ce11232f695c,77d7e0acd05f07c385996b57f8df3e52874b79bd4f1eb6feb941be29f2c62a41,0.0005,2e-05,1 -> 0,1
E5,run_a07493968ce542b2b057ce11232f695c,77d7e0acd05f07c385996b57f8df3e52874b79bd4f1eb6feb941be29f2c62a41,0.0005,4e-05,1 -> 0,1
E5,run_a07493968ce542b2b057ce11232f695c,77d7e0acd05f07c385996b57f8df3e52874b79bd4f1eb6feb941be29f2c62a41,0.001,1e-05,1 -> 0,1
E5,run_a07493968ce542b2b057ce11232f695c,77d7e0acd05f07c385996b57f8df3e52874b79bd4f1eb6feb941be29f2c62a41,0.001,2e-05,1 -> 0,1
E5,run_a07493968ce542b2b057ce11232f695c,77d7e0acd05f07c385996b57f8df3e52874b79bd4f1eb6feb941be29f2c62a41,0.001,4e-05,1 -> 0,1
E5,run_a07493968ce542b2b057ce11232f695c,77d7e0acd05f07c385996b57f8df3e52874b79bd4f1eb6feb941be29f2c62a41,0.002,1e-05,1 -> 0,1
E5,run_a07493968ce542b2b057ce11232f695c,77d7e0acd05f07c385996b57f8df3e52874b79bd4f1eb6feb941be29f2c62a41,0.002,2e-05,1 -> 0,1
E5,run_a07493968ce542b2b057ce11232f695c,77d7e0acd05f07c385996b57f8df3e52874b79bd4f1eb6feb941be29f2c62a41,0.002,4e-05,1 -> 0,1
