eta,eta_fraction,c0,t1,t2,control_duration,clear_time,peak_I,cum_total_infections,q_start,q_mean_control,q_min_theory,q_max_theory,J_c,J_q,J,raw_c_cost,raw_q_cost,w_c,w_q,plateau_max_error,q_was_clipped,status,S_star,Sc,Sbar,N_eff,eta_scenario,eta_scenario_label,I0_fit,I0_fraction,S0_fit,fit_objective,fit_raw_rmse
100.0,0.002,12.8872,11.13123702446936,96.20231940036076,85.07108237589141,176.20008335963067,100.0,9028.20402660154,0.8453598686198525,0.6132033093826142,0.323,0.8453598686198525,0.0,36.46663166653571,40.25276084310408,0.0,24.687909638244676,1.0,2.0,0.0,0.0,ok,49458.4907410057,11297.293214258392,6502.557033646203,50000.0,eta100,$\eta=100$,0.001308556473377499,2.6171129467549982e-08,49999.99869144353,2953.1065989043304,10.350577694117726
520.0,0.0104,12.8872,12.821894261966547,28.772178096439674,15.950283834473126,78.60274950714565,520.0,10446.311434923655,0.8378374729318654,0.6071008692103037,0.323,0.8378374729318654,0.0,6.693485231203649,7.263186820605296,0.0,4.53148950152487,1.0,2.0,0.0,0.0,ok,47164.210155897585,11297.293214258392,6502.557033646203,50000.0,eta520,$\eta=520$,0.001308556473377499,2.6171129467549982e-08,49999.99869144353,2953.1065989043304,10.350577694117726
100.0,0.002,12.8872,11.13123702446936,96.20231940036076,85.07108237589141,176.20008335963067,100.0,9028.20402660154,0.8453598686198525,0.6132033093826142,0.323,0.8453598686198525,0.0,36.46663166653571,40.25276084310408,0.0,24.687909638244676,1.0,2.0,0.0,0.0,ok,49458.4907410057,11297.293214258392,6502.557033646203,50000.0,eta_fraction_0p002,$\eta=0.002N_{\rm eff}$,0.001308556473377499,2.6171129467549982e-08,49999.99869144353,2953.1065989043304,10.350577694117726
100.0,0.001,12.8872,11.259137520138163,181.88925165253573,170.63011413239758,292.6403743036297,100.0,17420.488482517907,0.8462024874455766,0.6153950328194984,0.323,0.8462024874455766,0.0,73.69482691541677,81.67740707598398,0.0,49.89139782173715,1.0,2.0,0.0,0.0,ok,99458.92334697524,22594.586428516785,13005.114067292407,100000.0,eta100,$\eta=100$,0.0011424128466531037,1.1424128466531038e-08,99999.99885758715,1054.9684797012264,9.340117890385972
520.0,0.0052,12.8872,12.918547134945259,45.33282358718919,32.41427645224393,112.08470820721337,520.0,19406.169326622366,0.8425905939615892,0.6130465495076893,0.323,0.8425905939615892,0.0,13.88722162446336,15.273977790745024,0.0,9.401649039761693,1.0,2.0,0.0,0.0,ok,97176.75326449826,22594.586428516785,13005.114067292407,100000.0,eta520,$\eta=520$,0.0011424128466531037,1.1424128466531038e-08,99999.99885758715,1054.9684797012264,9.340117890385972
200.0,0.002,12.8872,11.951342509871845,97.02242194168879,85.07107943181694,186.5131643102228,200.0,18060.90721546337,0.8453598584282639,0.6157211323244423,0.323,0.8453598584282639,0.0,36.78301728115807,40.74099999830455,0.0,24.90210269934402,1.0,2.0,0.0,0.0,ok,98916.97496286852,22594.586428516785,13005.114067292407,100000.0,eta_fraction_0p002,$\eta=0.002N_{\rm eff}$,0.0011424128466531037,1.1424128466531038e-08,99999.99885758715,1054.9684797012264,9.340117890385972
100.0,0.0003333333333333333,12.8872,11.339938618980161,524.1997996334984,512.8598610145183,711.9608658566312,100.0,50320.56850526758,0.8467584111344344,0.6166293971073068,0.323,0.8467584111344344,0.0,222.4383039737521,247.12220551565508,0.0,150.5907317902302,1.0,2.0,0.0,0.0,ok,299459.20931800833,67783.75928555035,39015.34220187722,300000.0,eta100,$\eta=100$,0.0010483500483138037,3.4945001610460122e-09,299999.99895164993,857.7256238208495,9.28438370078917
520.0,0.0017333333333333333,12.8872,12.979346790338889,111.21357056170794,98.23422377136905,220.7835367422606,520.0,53739.3960406597,0.8455855888243408,0.615992499893138,0.323,0.8455855888243408,0.0,42.513871193257515,47.119259354627246,0.0,28.781890797835334,1.0,2.0,0.0,0.0,ok,297184.72963067127,67783.75928555035,39015.34220187722,300000.0,eta520,$\eta=520$,0.0010483500483138037,3.4945001610460122e-09,299999.99895164993,857.7256238208495,9.28438370078917
600.0,0.002,12.8872,13.12264694234858,98.19372479110346,85.07107784875488,202.70187436926204,600.0,54191.697015964775,0.8453598529481314,0.6131769238692415,0.323,0.8453598529481314,0.0,36.46331415124441,40.247641621866855,0.0,24.68566368039247,1.0,2.0,0.0,0.0,ok,296750.914372356,67783.75928555035,39015.34220187722,300000.0,eta_fraction_0p002,$\eta=0.002N_{\rm eff}$,0.0010483500483138037,3.4945001610460122e-09,299999.99895164993,857.7256238208495,9.28438370078917
100.0,0.0001,12.8872,11.367336423819582,1722.027334813947,1710.6599983901274,2060.374435260383,100.0,163744.1749975672,0.8469518981403319,0.6170211209527997,0.323,0.8469518981403319,0.0,742.9396902448741,826.0276964568711,0.0,502.97017029577984,1.0,2.0,0.0,0.0,ok,999459.3089518654,225945.86428516783,130051.14067292407,1000000.0,eta100,$\eta=100$,0.0010181986036494025,1.0181986036494024e-09,999999.9989818014,968.6511592640442,9.375695919505288
520.0,0.00052,12.8872,12.999881817539496,341.58251041801975,328.58262860048023,535.2579204980523,520.0,169974.94776565477,0.8466032142040449,0.6168447629823088,0.323,0.8466032142040449,0.0,142.61785025289825,158.45718793055443,0.0,96.55228462121212,1.0,2.0,0.0,0.0,ok,997187.4529661249,225945.86428516783,130051.14067292407,1000000.0,eta520,$\eta=520$,0.0010181986036494025,1.0181986036494024e-09,999999.9989818014,968.6511592640442,9.375695919505288
2000.0,0.002,12.8872,14.341793898156409,99.41287125254519,85.07107735438878,220.36326372004993,2000.0,180649.44615754957,0.8453598512367699,0.6138497406197023,0.323,0.8453598512367699,0.0,36.547859354154504,40.37810366436897,0.0,24.742900782762604,1.0,2.0,0.0,0.0,ok,989169.703627641,225945.86428516783,130051.14067292407,1000000.0,eta_fraction_0p002,$\eta=0.002N_{\rm eff}$,0.0010181986036494025,1.0181986036494024e-09,999999.9989818014,968.6511592640442,9.375695919505288
100.0,3.3333333333333335e-05,12.8872,11.375085904070994,5144.320061021013,5132.944975116942,5726.468802403267,100.0,485107.2853078782,0.8470070773605769,0.617129333212471,0.323,0.8470070773605769,0.0,2230.0586158751103,2480.001482569113,0.0,1509.7496829474499,1.0,2.0,0.0,0.0,ok,2999459.3373754392,677837.5928555035,390153.4220187722,3000000.0,eta100,$\eta=100$,0.0010098301993987254,3.366100664662418e-10,2999999.9989901697,1016.4399858283693,9.411423332424606
520.0,0.00017333333333333334,12.8872,13.005689550996786,999.7206742809191,986.7149847299223,1329.7463599536857,520.0,495895.04345212254,0.8468911473181697,0.6168064595225021,0.323,0.8468911473181697,0.0,428.2174833401745,475.9330691024837,0.0,289.9032362212982,1.0,2.0,0.0,0.0,ok,2997188.224751383,677837.5928555035,390153.4220187722,3000000.0,eta520,$\eta=520$,0.0010098301993987254,3.366100664662418e-10,2999999.9989901697,1016.4399858283693,9.411423332424606
6000.0,0.002,12.8872,15.435932263572289,100.50700948188951,85.07107721831723,236.4566776894867,6000.0,541957.298030639,0.845359850765727,0.614138757823825,0.323,0.845359850765727,0.0,36.584176880466124,40.434146289604065,0.0,24.767487748075567,1.0,2.0,0.0,0.0,ok,2967509.1018437156,677837.5928555035,390153.4220187722,3000000.0,eta_fraction_0p002,$\eta=0.002N_{\rm eff}$,0.0010098301993987254,3.366100664662418e-10,2999999.9989901697,1016.4399858283693,9.411423332424606
100.0,7.597052343690648e-06,12.8872,11.378062781921809,22534.663558637247,22523.285495855325,23748.32147126102,100.0,2109306.4442905914,0.8470283667848927,0.6171706717080123,0.323,0.8470283667848927,0.0,9786.839030113873,10884.647629022387,0.0,6625.690023387093,1.0,2.0,0.0,0.0,ok,13162459.348343061,2974125.4115856644,1711863.1646776996,13163000.0,eta100,$\eta=100$,0.0010066282335156396,7.647407380655167e-11,13162999.998993373,1036.7614051472913,9.426315719940977
520.0,3.950467218719137e-05,12.8872,13.007922650204316,4344.0194038362015,4331.011481185998,5027.379064332684,520.0,2131901.535196446,0.847001971112734,0.6170972164388753,0.323,0.847001971112734,0.0,1881.4452304012002,2092.2120115229923,0.0,1273.7384209816125,1.0,2.0,0.0,0.0,ok,13160188.521952104,2974125.4115856644,1711863.1646776996,13163000.0,eta520,$\eta=520$,0.0010066282335156396,7.647407380655167e-11,13162999.998993373,1036.7614051472913,9.426315719940977
26326.0,0.002,12.8872,16.90089167316588,101.97196883954985,85.07107716638396,258.10898106970456,26326.0,2377943.137986603,0.8453598505859481,0.6155662375638221,0.323,0.8453598505859481,0.0,36.763552395968276,40.71096164101637,0.0,24.888924972070534,1.0,2.0,0.0,0.0,ok,13020440.754052531,2974125.4115856644,1711863.1646776996,13163000.0,eta_fraction_0p002,$\eta=0.002N_{\rm eff}$,0.0010066282335156396,7.647407380655167e-11,13162999.998993373,1036.7614051472913,9.426315719940977
